GEOID,PC1,PC2,PC3,PC4,PC5,PC6,PC7
25025091300,3.148824561122461,1.203481789157494,1.2262747685163964,0.2346438976584277,0.6358989527995957,-1.5849119369516524,0.5011883885317808
25025110501,-2.795763845218403,5.733788380641954,3.3350255773647577,0.04642682924831277,-1.8523835216683364,-0.45229017412469463,0.7101544240430588
25025030500,-3.9991845795350947,-11.167726217276776,5.316268852424492,1.4859495511817082,-2.515399144630085,-0.9368100560549495,-2.748541291608194
25025010500,4.949193244973755,-2.647423304457159,-1.7223310284472602,-2.1323095767750453,-1.1165354221827075,-0.31125490564849984,0.15011630937321357
25025140201,-3.495803427175738,0.6330213256147742,-0.7736210954509315,-1.88844185418926,2.210338583978305,2.3617988997730714,-0.8499495278518681
25025082100,-0.49884287968121216,3.869387005809624,3.118565252856116,-2.2496899236929258,-0.5593990353440758,-0.3215817845449382,-0.31034079195070635
25025101101,-3.5296354430815478,2.3790747669061156,-0.12690914928511013,-1.2186855631035807,1.010217663942751,1.4255318339063485,-1.2989446097001092
25025120600,-1.659877246474793,4.880477408274028,3.2562620736923495,-1.016818128253278,-1.7856707390188875,0.41565233823479886,-1.7089208324445937
25025091700,0.20490988829568504,2.1727376745565437,-0.9050124774777709,3.6339390672099414,0.830472780387891,-1.7865309118460113,1.2373248897979212
25025030100,3.779710001974652,-1.468582114287377,1.1127181785381732,-1.580443315519966,0.8392993827040208,1.7098497579278875,-2.487033672254464
25025060501,3.0645142274004,-1.1926986813642182,-0.5377931140563438,2.278434700151808,3.0855127151385147,0.5986992402015519,-1.2495315950536248
25025110607,-3.6464980639015816,4.095932807062687,0.110675397829057,-0.020134409115932308,-0.4795422588258132,0.05474092381224958,0.3236910698666137
25025120104,-3.0927866710726652,1.9420134286202895,-3.608271270212635,3.799415408313962,-0.4184265899825902,0.08383735913558764,-0.10881015044885353
25025120201,-2.0249198102102697,2.195895227316049,-0.5155561773171451,-0.13333326619576638,0.6463903293383498,-0.01366511686574368,-0.7837055223524643
25025980300,-12.596230774994442,-0.06198766059789822,-5.643843307936961,-3.199621576709703,-0.017740799962039793,-0.2577666909320578,1.7541223441260783
25025000704,4.076133025140603,0.7157966778903068,1.996416363980031,-0.6943512868943628,0.8026830602800987,0.41683100017122576,-0.611252233353644
25025000703,4.491294503334205,-1.2171524207620983,0.37736596316305954,-0.23828586391147202,1.6149112771532064,-0.9689954293292375,-0.33642959692086266
25025010802,4.144638648891355,-1.739183061247297,-2.003913012025062,2.9278177611688734,-0.1399658527631363,2.580616636859495,-2.382619792405128
25025010204,4.731373694680536,-3.286393830208809,-2.5812164311953474,-1.6704011149746232,-0.9745375456142996,-1.2931239609316862,0.5149461503586569
25025010404,4.330964754902965,-1.0669083156373984,0.32745615793387917,-3.392519420549909,0.48096991117903093,-1.3034079172084947,-0.5546169491686717
25025010405,2.6971133831301826,-1.146729634413654,-1.1766599497878116,-3.08814771362909,-0.25865538154197415,-1.9331269237932593,0.17755097640892292
25025081001,3.56954577337977,-1.0743916824409792,-0.5778374871679998,-3.5411639539199036,-2.1601179166007047,-1.139443950091365,0.30711530747125176
25025020101,4.61560900019997,-1.8540480183120593,-4.523480462881372,5.451027338545314,-1.31200456037312,2.278690492255354,-0.41196856514520186
25025020301,4.596026449097899,-3.544602153418983,-3.201699976637255,-1.5465910076623295,-1.9065183385328415,-0.2658091273200777,0.13186641169936206
25025020302,5.018075166033099,-4.005512561666918,-6.853412151301062,4.790490277557889,-1.487474296747415,0.05110387330424044,0.7617172746320793
25025040100,2.2158117449963384,-2.389218389378309,0.8495399897617663,1.848309351640556,1.3512751663380367,0.9952182071265913,-0.6672523405990606
25025080100,3.881952789803687,-1.0231833284519019,0.8210135822997683,-1.185954662076488,3.0972988831162165,0.1705536328862163,0.8372938110592623
25025061101,-0.2973314200649964,3.9568647206021597,0.3266052375215276,0.5207347851386991,-2.256328881830844,2.381316405614095,1.455119388523642
25025100700,-2.389547003879344,-1.1391418613554705,-0.840434134200383,4.292801227186821,1.9147966660259346,-0.6414883150536165,1.9451491565214778
25025120103,-2.7189437144154485,4.379418838829949,-0.8473545320738722,3.421319605138852,-3.0671317961937667,0.42174257458446435,0.5176253214087254
25025130406,-6.115413828204589,3.548407530783334,-1.076723456940115,-0.729320069420766,0.8704712202844241,1.0930750520465038,0.8346358778274314
25025130404,-8.144964877106947,1.230405270436062,-3.5208584370370755,-1.5396534732645748,1.1328006813784732,1.7494184498402279,-0.6028196830830367
25025010408,2.3894542418782363,-1.5017589920327126,-2.0689202353109737,1.1790627886514098,1.561838354768259,-1.0749421043145595,-1.9872841276717754
25025010701,4.070411860490293,-2.4805160950483627,-3.256868245372504,1.9816711523385027,-0.8363430728862061,1.2797477570010327,-2.2958668376413867
25025110403,-4.631076462524021,5.2110592234883795,1.7067217896566398,-0.8393529431094564,-0.871724030703947,-0.6912488447738129,-0.22270699657605245
25025040801,-2.7453363635932493,-8.77378481264977,4.042816971762567,0.9096296625672042,0.6882416162659498,-0.5125636175143456,-1.6163312142659672
25025071201,4.074166873259825,-1.74300992215047,0.6186598044066021,-2.741956641501162,1.8959714286137475,0.9019379421715501,0.7367679811917703
25025120301,-0.8916477910552371,3.3595674907278066,1.4504942315533011,-1.3994564432113379,-1.3966790017538464,0.2218746908519664,-1.2376666005680637
25025120105,-9.591225306396542,2.319891409106776,-3.6520209500615826,-1.8484215352422206,-1.0539920504888116,-0.9048463850978027,-0.7424065564863984
25025140105,-5.1579578928819085,3.651536554464783,-1.8660486956536728,0.6613573358928413,-1.1554266868755652,-0.17217722806521,-0.19384961528863115
25025981300,-4.407349973189825,-5.452102073469552,4.3834454298573,2.294682763492896,5.170179437768956,0.3925295221436383,3.44886475595031
25025010300,2.36094498851442,-1.4193939142992829,-0.7900035927728128,-4.647265071080386,-1.8317445060623299,-1.3076846249732519,0.14360274818381052
25025981100,-13.305971167384856,-0.6170126512516833,-5.962394863698506,-3.643812231006544,1.5844436689719195,-0.3908971994534162,2.494142424981453
25025981800,-10.988245459480742,-4.555550301962435,0.1685203468857289,-1.822822349057925,-0.7523231488240169,-0.42458472966251243,-4.03319719665457
25025981700,-9.391308126487921,-0.8788264574439777,-4.56264644075033,-1.4199874941579962,2.5045370834805247,-2.3695878840325046,-2.7888439669349476
25025981501,-9.338766108347402,-9.350092543958588,5.467880374663367,0.4126675008211358,-1.0141520362442946,-0.634839120481399,-4.6861893353416235
25025990101,-11.37905758202941,-19.215438825262673,11.111604101907249,3.9104016338346037,-9.039482297736061,1.9206127112509563,5.345812332749868
25025981201,-9.199366543680371,-12.185878541596088,6.392809200208681,2.4326201077191825,-0.3459438802663184,-1.960619408907569,2.0436833461958788
25025010600,5.778361216656778,-5.718512344271099,-4.186496022894248,-1.8568749936221776,-3.1402072603547984,-0.6594075582030685,0.3828266956582546
25025120500,1.032467853483329,3.7006152174510647,1.3239942846739192,1.0771949173677524,-1.020467067508228,0.2642105827738074,-0.4076707695700838
25025070600,4.529479037502708,1.6586069720466063,-0.6650991094758161,1.9794158641835808,-1.911578926610462,2.1224549082958157,0.18039270369098473
25025100603,-3.3454995962068175,-4.319864179818338,2.2044152059593096,3.8139896588034286,2.0708499150961504,0.5076721719206658,-0.3518972468052851
25025010103,3.5117418973580956,-1.7890309356131842,-1.005799951104868,-0.9809024868047302,-0.48841069267723614,-0.2537182194117978,-0.8011780288912645
25025070402,4.9839423510702225,-3.3287648870841227,-1.5347937521711297,-3.49909686573305,-1.5118714238945894,-0.6454323115343255,1.1897698401537729
25025140107,-4.155500863209036,4.813292027866358,0.599158031123889,-0.26024485032493294,-0.5242808131943981,1.2476608384443422,0.66511953134394
25025981202,-0.43451341840076807,-9.913840837949543,1.257030823167613,2.2592514549476204,2.5671034647677478,-0.05769595739930208,-0.02988210109142495
25025090901,-3.8969526178174427,-4.940761363097386,2.138683192829454,2.2038373559953253,3.7031330287477124,-1.6074472303932335,0.9616495967895399
25025092101,0.8434025748142246,-0.16897420059246715,0.43877018603124546,3.480260477780942,2.0332178505011864,0.1976513759038598,0.10608332806920179
25025110301,-3.9850508243208913,2.5211073814732705,-0.8921334699662722,0.5050723150198085,0.5598978473747236,-0.7682812987012281,1.235951639433535
25025981000,-14.245560324184664,-0.9665190050993295,-7.068438378513339,-4.684720263832538,-0.1663221660332925,-0.6975805114860625,0.3230486343967191
25025980101,-10.843756020417551,-13.089549103349224,5.464526567463718,1.7369161574805367,-0.6595834605922054,1.8739224505812537,1.875718817741504
25025091001,-3.4987518846510945,-4.560760089709452,2.0608544428622357,2.5329213929984467,1.8193259497533816,-0.7562629268744191,-0.5193117595864607
25025040401,1.7590502971524948,-0.38934917813776804,1.9256469833901426,0.18648834379176765,4.185672177692795,1.1926213302866624,-0.15688082870019743
25025140202,-5.256784029467402,4.8414386994835175,0.548773514065785,0.33090496281385484,-1.9541369494146523,0.5614742240008486,-0.11144564762866688
25025140300,-1.9888627593080106,3.3892111071273523,-0.06487346480483357,1.253135572860487,0.1638327280434012,-0.056077197152792545,0.43393433728022
25025140400,-3.8332605468587997,3.830199947042272,-0.2737389995725189,0.4861630860370727,0.024489216562036564,0.1364052678660644,0.820442258032772
25025140106,-4.419149491508673,4.543826992719008,0.802603510410747,-0.7238558730742289,-0.46547099909962675,0.9355879033609197,-0.4006544895750219
25025110201,-1.9796207031665085,4.056699208383152,0.9076827203032674,0.5652324646969311,-0.5746145191426628,-0.3961256580604435,0.054888647896651106
25025980700,-14.418731272441642,-0.6218740015928754,-8.031753524464603,-4.595236161287527,-0.5665604770192836,2.520101876534657,0.8537525491043229
25025080601,1.5506159972960127,0.3964743019157081,1.483225446429999,-2.566010313137043,1.567485747856071,-1.4464260076702664,0.8877249994975945
25025020200,4.881198376365955,-2.0718486269247616,-3.700339481586925,4.936970443917858,-1.0209721186952447,1.5347775971629067,-1.3711503031773349
25025030200,6.618004506306958,-4.214008539616089,-3.4238297734937078,1.2338239026491988,-0.2887906121678048,1.0807540854276818,-1.004274274601865
25025030400,5.721130042922423,-0.929964834169587,1.298012981804718,-3.000616815439783,-0.10842788551177258,1.954061487599685,-0.6677148003961019
25025040200,3.001241836056067,1.6902253747967633,2.5848954319471993,0.6488573153583961,1.6304326717062945,1.8497350183818995,-0.6633584901703892
25025040300,4.227481910286681,1.8532711356996132,4.320187172535252,-2.3402642507324116,0.9426261725553161,3.1030411134294895,-0.06299456530533644
25025010104,3.421827286002334,-2.7103259474520462,-2.685653537898436,2.5252211701389884,1.1601368625363473,0.2688053569474019,-1.3891202305154833
25025010702,3.5961962327708146,-3.153247938856009,-3.5139461135662717,0.9077349303411747,-1.5627543474277588,0.44595148401296864,-2.6609867996531036
25025010801,3.8972367836764343,-1.9317328507576792,-2.149211095580593,2.0704850700591226,-0.5577496428021927,1.7193462165613436,-2.9506414299836927
25025010403,5.450068882231254,-3.3744418186405607,-3.149594445615475,-1.7602924753275284,-0.43918047821420947,-1.1318477577354205,0.5942803848725526
25025060700,3.5435396758658237,2.810998642763248,4.094500172739746,-0.8819881593641523,1.4216108172311632,4.008951004847229,1.6201154257934764
25025060800,5.467979181349225,0.6269806244303211,3.9126287993108724,-2.071960653897535,0.843723367680422,3.499004661448498,-0.05833474133181261
25025070700,4.09576689260146,-0.049792721901102927,-1.5248171010294989,0.7718961485576198,-1.1283613144346283,0.7253156368314699,-0.1632231941530007
25025060101,4.20780179802207,-1.1042946318419515,-1.2388065661733076,4.877601670823734,2.7683826815751846,0.9549716175807411,-0.8487665212293003
25025000503,1.1939083351412663,1.7232905940344054,0.9983606111393326,0.583722046054016,1.2726422631806869,0.10847001627137487,-2.561971065413469
25025080300,1.431307030180579,2.6548302769399013,1.1630185842043854,0.33838069381856317,-0.43659989562316803,-0.12147033489409464,0.1260416038538632
25025080401,2.417335286824909,1.5841903270550688,2.5413791347165273,-1.9457158674013206,1.0814041702510635,0.584566905993393,0.6348243564571304
25025080500,2.2916949828340885,2.7824092850862163,2.2657594170490456,-1.1928837574174613,-0.029037470042184692,1.0367070511519492,0.7670172020148671
25025080801,2.192854780627854,1.34959465139947,2.294815111065776,-3.5463811767653226,1.0871543119153588,-1.3241520342959618,0.9526821011703764
25025080900,1.301707874826614,1.4598892232694984,2.145831400770925,-2.710872669850891,0.5311526523132324,-1.1688151623480894,-1.7305337958019826
25025081200,2.1742830509705704,2.287754943648414,-0.7162662393668148,1.950228490102463,-0.7477118802549597,-0.7881058063595393,0.6462433574218128
25025081400,-1.196559350481259,3.6661973741059226,1.754658395953333,-1.1555916230925323,-0.1952699016003743,-1.3774346275064304,-0.6794665273561215
25025081500,-2.2645154243586054,4.921017063852171,2.0330738670033752,-1.1660761108520623,-1.4322943169332607,-0.00763698140800481,-0.7106799938600517
25025081700,-0.5612210365078828,3.2255297233973725,1.3783644421557542,-0.030158177556173286,0.4099576028958722,-1.0331030871580278,0.2763021748434518
25025081800,0.8420476712388979,3.6474521696071567,2.415853761184574,0.5499823166454398,-0.817968304505759,1.1891360120860572,-0.18104113255538154
25025081900,-0.8384155785346972,4.275810575589911,2.787447358667527,-0.6473386446613161,0.18643022823042962,-0.714130999393009,-0.3631564506019807
25025082000,0.22700040012762598,3.6320147175819466,1.9183365166812028,0.6121525058084857,-0.6734750010419495,-0.09397750870342012,-0.45258512315555677
25025090100,1.173708503865206,3.332822621035364,2.1534699684162746,1.0611585430476664,0.04646487780684422,-0.44776288745275017,0.21128835695898954
25025090200,1.018079950256952,2.7024507632699457,3.755436714118916,-2.014697838689157,1.350228631680999,-0.6992478768647514,-0.5417217055731482
25025090300,-0.30173193654419156,3.1168596146602954,3.1729454319774955,-2.003080005278276,0.555888355145459,-0.7021677083469069,-0.3669171249770663
25025090400,0.8441344470139478,3.459755940660884,1.5343091992136488,1.8039643840040167,-0.30077901711704297,0.13502942795550923,0.5430459788545157
25025090600,2.477569687321281,2.3275173760845345,0.7713206528039617,2.092922091245064,0.35144965334470296,0.3446037802649354,0.5035417265578912
25025090700,3.2789516921056534,0.5187443165481734,1.8708735280371065,-0.3359572124793371,2.6250683416983267,-0.2094289702595468,0.8984138885556424
25025091100,2.9070498186340235,2.8935916296704547,2.6435830731238794,1.0765523019055987,0.02560387916410321,0.4387834366835053,-0.6801666538049125
25025091200,0.9359225175456756,3.41261473960035,3.099498937320034,0.529202728749182,-0.3555524021870998,-0.31956775865338266,-1.3381200690296924
25025091400,0.17288047907733353,4.227178712157873,2.781757515840482,0.2995387877143654,-0.8919140772646554,-0.3470137288202675,0.21645371957676202
25025091500,0.5366612553004618,3.549426227316847,2.172453391350658,1.3833410474967183,-0.561579111829942,-0.20162317571698643,-0.7044362858410188
25025091600,1.8387710276185258,1.3248792155395663,-0.269044658219665,4.18979070689857,1.4887214532876483,-0.7624765698212814,-0.5410180130557701
25025091800,0.7697999046111075,3.5184491387409094,2.153646146766735,0.6233568670245749,-0.21750789633255055,-0.4513066961926749,0.0956305595385603
25025091900,-0.778444174045581,3.445809018122223,-0.3093686293379599,2.547333222692197,-1.4510603361080916,-0.8674205093274232,-0.10383789592054206
25025092000,2.1493904489207325,2.264896410951454,-1.0307246265092325,4.976334263658067,-0.3320898299002043,-0.7739813808378156,0.7254471321235669
25025092200,-0.18367304959818093,2.486354363981144,-2.0615480994463393,5.736650292921642,-1.8446771132429753,-1.0956349304273894,0.8952440009146345
25025092300,2.254851655664291,1.425338107663768,-3.6501260848388974,7.509058702758298,-1.3465746096743834,0.8587606257586372,2.1566219635228605
25025092400,0.7162694426630573,2.695220724103367,-0.7419861375472565,3.5184325692234792,0.026410560944799898,0.20312895701585143,1.0883500258383594
25025100100,-2.540887519369333,2.1066821002342486,-0.6817392168322036,0.6727037034796859,2.0706667150261704,-0.8026521792777636,2.3183548173986672
25025100200,-0.24756575912882364,3.4056121309545255,-0.27462024071298563,3.2431276746407134,-0.9597732240194148,0.025271734499022293,-0.03361949464103106
25025100300,0.013991841787297407,3.4412231043481376,-0.7669419747349338,4.2541893910329085,-1.2320434223833419,0.554483295389658,0.5737729777685497
25025100400,0.37765023067281395,2.704852387970248,-1.962288568137506,5.867620724695423,-1.0349702735735782,-0.777667139434921,1.3784098694228486
25025100500,0.3704193506098276,1.9868474921595085,-2.6005788817678375,5.476979579619457,-1.0369723687823906,-0.8396341559339994,1.0802886141879053
25025100601,1.1990412711336083,2.8369058583891476,-0.8219913518736798,5.692091262060561,-0.35533222311066254,-0.7247692308175758,1.0742186560300344
25025100800,-5.751383235398781,-0.4321439419366097,-1.7209784291351842,1.2185258495825462,0.8486245120674267,1.7263886688898842,-0.8379810414793932
25025100900,-2.661321935196661,2.0018784923920845,-2.8740663259813246,3.6663464034037623,0.2103038082542724,0.021367016294221875,0.14724584324672457
25025101001,-4.9574980319998785,3.656540643746589,0.24452437495573215,-2.089386260507141,-0.13208563434345982,1.1652269119816692,-0.42994160733011283
25025101002,-3.407862446291085,3.6379365989582797,0.16388976553920878,-0.4505945505275116,0.7009615156839484,0.24268973637195068,0.12083391170260323
25025101102,-0.7057911079355936,3.9824540131912864,2.6848886076268665,-0.4069241070905465,0.43876350563510175,-0.11270264006505845,-0.3612733972858049
25025110401,-3.045956941748137,4.688155807776926,2.0887724300252626,-0.9890776145138499,-1.1045715335211796,-0.39168113625677736,-0.3163832103877169
25025110502,-0.9979470079602865,4.890268701797225,2.7514365704905472,0.08299654726246576,-1.3868700285327515,-0.3511419315583287,0.4110136715356106
25025110601,-8.674939516135108,2.7021860881786406,-3.7825318104256658,-0.875787484604158,-2.2253655865129818,0.8699412330413444,-0.40369430552276625
25025120400,-3.1154586317529462,4.001063093414981,-0.11260643627421542,1.2729745534217185,-2.003726874347182,0.040726222801723055,-0.8945944844643141
25025120700,0.5904327133598509,0.6776643603467424,-1.9801681137785154,1.2088728940407087,-0.19258211609508383,-1.0945826023078995,0.3272907328493047
25025130200,-3.2349380615776226,5.733265921139249,2.4995532225560573,0.618360511262375,-2.0735606514017277,0.007646836147942001,1.5215641320149682
25025130300,-4.95082971483478,5.477724408063899,2.274888106839242,-0.2980086273481621,-1.9498033504051708,0.16951945676546357,0.5016873202593666
25025130402,-1.8931858408431619,2.7032106480137226,0.33120556664232237,0.3239717153383842,0.5976141072476996,-0.6060189036544718,0.3235901498653154
25025140102,-4.6652438222073505,1.6870613435302722,-1.119565104602768,-0.25560075170165597,1.4299497059612847,0.4472240238144359,0.39785014584039524
25025071101,4.663298669831124,-1.1650832774622277,-0.6036328586884508,-4.242496952411362,-3.015638175761739,1.676702622219528,1.7514156368367486
25025000201,1.5350527305461563,1.7599930380177695,-1.0398376364004587,1.6420423878951642,-0.8086213657517313,-2.4283782117562387,1.1474636509472431
25025000202,0.8873482465324226,3.010400788483371,0.9075155821392952,0.35965546795454484,-0.4566162523011668,-2.792102774616601,0.7593209549141463
25025000301,-1.3498419003684872,3.09392919592404,1.281111406634376,-1.1268707129173776,-0.19712639035313967,-3.3997737519823645,-0.6245440372372891
25025000302,-3.4243023167813766,1.5755569954382076,0.11288055477795234,-1.1944362939987736,-1.2439753753295053,-3.8775455589660295,-1.0806741244487454
25025000401,1.2375103197283415,2.802292606587411,1.9499685720401205,-1.57438525212663,-0.023856355001210753,-0.6361503406580751,-0.8346385092507466
25025000402,-2.311226294096205,2.2704712875918767,-1.0614661593679067,0.26579594212742064,0.35272872504864833,-2.5416247457559265,-0.22018201412469604
25025000701,2.0196747143151237,2.294394246376051,4.056542703507009,-1.9665176139243261,0.9963358000821034,-0.917213009400482,-2.013566852045794
25025000502,-6.570803694997792,-5.150810857380189,0.5931461889945048,0.4460503812167209,-0.4986648119164105,-0.8387778904613374,-0.5341800291922633
25025000601,2.028566736470795,2.5392194669989108,2.4778231941824904,-1.289137105950894,1.0619028981355902,-2.249738085504877,0.07231256414507206
25025040600,-0.6918177619794095,-5.1672294397905985,2.556139997441238,0.13679054985785266,2.667796214189429,-0.5349483378470359,-0.7507334735137784
25025010205,4.192809968108574,-3.001705986198929,-3.4035417430078865,-0.486247933906592,-0.4856734269602601,-1.086067392794363,0.0984555890301486
25025110105,-3.3111049237126826,2.7457164488313595,-0.332032283235322,-0.6716323459215706,0.011673567664601701,0.5598497314360704,-1.5219881830506548
25025061203,5.562021376096139,-3.440440111052062,0.3315201997197537,-1.0766061958430824,2.6972397628192035,1.3301055594805131,0.6895092595218963
25025070103,2.543311830776158,-1.5996724563322484,1.9975177652603244,-0.3522904094316943,5.912733569180212,-1.7943933094133067,0.8334511656841476
25025030302,4.392311387233657,-5.194899990481255,-3.9746927999299095,-0.3768324418347569,-1.1059073707751799,-1.687263281843134,-1.3079513814979928
25025070201,5.4993681914492445,-3.8261941148036778,-4.372825778742265,-2.2542792989508342,-2.503275369726058,-1.0899870628527346,1.7854003706732617
25025000806,-0.8240713563775524,-1.4712718978900976,-1.4414438711508901,1.4665594432244433,4.9393243668814035,-1.0362880089609112,2.4673115689677303
25025000102,2.4559792315382336,-1.1753423456744958,-0.6127800928529681,-0.11956571514653704,2.1460840746103753,-1.9080597350473099,1.0870864610121076
25025061201,4.599875057575759,-3.3353993461560414,-0.29140104697519925,0.7879245248142319,3.8867157171549067,1.058975092066937,0.28646721843023315
25025020305,1.7825882701586484,-5.599050859357742,0.19264062951796143,-2.3121743324105397,0.07674088892957767,-0.9171498280147917,-1.8067200828743015
25025020304,5.920036672581418,-4.280913871311174,-2.8650184044111993,-4.369949891193293,-2.4035975147193414,-1.4321387906752492,1.828259640610197
25025130101,-8.251633707870278,2.479941630278731,-3.1701573628612545,-1.8690406069314478,-0.09527812621779166,2.119942908342194,0.6342100346920282
25025000505,1.6844503665321966,2.0463672209395245,2.551415573955237,-2.1979466513444024,1.0594091011674946,-2.240067856093934,-0.11674310183935682
25025000506,0.1266906209713337,2.058812885028963,-0.8616158427760726,1.8795987640472673,-0.22146197544249727,0.008020755911405414,-1.4620270760434009
25025010206,3.676384843924657,-3.6662537904253343,-3.8003796395076126,-1.441798037742439,-0.16062792065753426,-2.082519957514855,0.5238857542827069
25025000604,-0.7092381360474518,0.8781864311376372,-2.5929267533985727,1.8012129656358329,-0.23839049833237877,-0.9355345751625888,-0.6900104822188154
25025030301,-2.7551361449189278,-11.6681672134205,1.00885584285831,3.6168252246783,-0.780925880073095,-1.1218901108227854,-3.0802058657678466
25025000807,2.834893346624561,-2.6201726573518136,0.012265226292330844,-2.0629619410709443,2.698736924496838,-1.7192946736325503,-0.26011568385021616
25025081101,-0.2954192036869612,-0.33868491377232995,-3.5607541947052423,0.12561978581693145,-0.3754800040761183,-1.2928966506755204,-0.33290465090221816
25025070302,4.942988939314036,-3.6149019085783514,-4.2607329326309085,1.133682182409994,-0.6915047737668322,-0.10041134024256416,-0.2810072942176123
25025081301,2.4948517129653123,1.4723364351872068,1.593669516343721,-3.0098229011408173,-0.0063239913788272015,-1.8006226677839126,0.9930207871459326
25025070301,4.2056250822957555,-1.4109331339392235,-2.544712280273721,2.3213614558159814,-0.5539248933045446,1.2228146292946762,-1.4033300927418635
25025981900,-6.58674924728954,-5.599971006377539,-1.7033378885246986,-1.5354065023444827,3.2292333117764342,3.798201545178841,-1.0676259898097864
25025070102,5.652275440831068,-5.108441855036156,-3.3539537782574467,-4.915189783872549,-5.762574730968014,0.8737237581305116,0.4084058776712964
25025070501,2.568459961228488,1.5807729430095903,0.6172196155666166,-1.1981600165565034,-2.1935793351950323,2.331884617017941,-0.9037255379099047
25025081102,-2.252703732443191,1.7453267446151512,-1.4074235517864642,-1.369642980496041,0.3429554832107396,-2.0904469826123884,-0.3484869059284642
25025000603,0.7638757443166714,1.1557698005051547,0.6827660254467929,-4.026378097630733,0.422228482131169,-2.066996899665749,0.8921370406344462
25025070202,7.116910986874574,-4.428853355933054,-3.665106260432641,-3.1634291172802436,-4.063272514011543,0.08178903755896183,1.729678210336561
25025000805,4.357649621243554,-1.6051758798009288,-2.270151834488272,2.038954986528891,0.30601229484499554,-0.36587608380195286,0.6342353670292343
25025081302,-0.58187983062863,2.6503768056254775,0.7256430348572278,-0.7523175792495043,0.47686206579425566,-2.5004157202126276,-0.012945993522485847
25025110106,-1.8665313723691819,4.673676581001332,0.27094250049923996,1.830691486072175,-1.6106005001020336,0.38574820334338256,-0.4399087160631382
25025070502,2.7268179262836765,1.8710925971211407,1.1233329457641341,-1.8339358690289134,-1.9788272983043136,2.430061138092187,-0.6018679936461212
25025000101,2.169704121114456,3.67748268721517,2.633063433416626,-0.27230515038261255,-0.6289890911172352,0.9524763619566121,1.4526488195047067
25025110104,-0.6112286240377661,3.72376674434388,1.4182503925769252,-1.2324389478452247,0.3565018493401726,0.7318271328864306,-0.0017092782370892858
25025980900,-12.367027209844146,-3.5228014214056738,-7.433464822007499,-4.39207568976076,4.918662219638454,4.8676672981221545,0.3826174256754942
25025000804,2.6328638018818284,0.7423109422798213,-0.08252687474205106,0.7196632161100163,1.2893345334896944,-0.4149041575909041,1.410456009061323
25025070104,4.256594920184425,-5.985271502336597,-1.9716353407182043,-3.512667019111376,-2.1700749517960385,-1.0857667388323609,-0.22867708230532002
25025061204,4.087124512949599,-5.389167808203412,0.7694344381612964,-2.9402326629793225,1.6693844818837964,-0.36016373148504294,0.9904821556297122
25025060604,-2.650667806483645,-12.132771676704431,3.906910301209694,-0.8880133562317759,-3.5184515404792673,-1.100165691150764,-1.8182408414918174
25025070902,4.34779538113393,2.3152141408169813,1.8885099426294631,-1.8440732532632573,-2.4942726575149115,2.516506201077524,0.34434701157012604
25025060602,4.5211080586538435,-4.60442124292301,0.22840688524613015,-4.589493729823468,3.941344474139833,0.3470038049386464,2.866418561003117
25025060603,5.90116805082108,-4.975618543468238,-2.897436364276529,-2.0812283298210663,-0.16775915848279854,0.3135953057519104,1.9077090420075127
25025070802,3.448439087940107,2.206085871803397,0.9699392547406451,-1.2050959306815754,-2.449716794316844,2.1141436579016863,-0.44508607316660814
25025061202,4.1914965988789605,-5.169655160717293,-1.298332076269759,1.1867960632023218,6.035305633932703,1.8051286797060966,1.3071891965195754
25025070801,4.567248671291071,-0.02412431854073564,1.4978663189509738,-3.4228910225018274,-0.6501904592073992,0.9817300951434245,-0.2405848557071149
25025060601,5.44569415867981,-0.01435969906743036,3.389005010092437,-3.0299451545215224,1.2169531521443946,2.1532275751975063,-0.07434331983630507
25025070901,4.454015638308472,2.450989247781004,3.183232894015209,-2.6718152623782103,-1.8658179055392048,2.7427290192879132,1.5190762801154158
