embedding_dim,PC1,PC2,PC3,PC4,PC5,PC6,PC7
A00,-0.11030192969893128,0.07672652001111034,0.06940833891575977,0.31543749897804346,0.11960810196136135,0.19015681353434377,-0.14796220047686268
A01,0.15524573661748597,-0.027584072810786786,-0.18807512755406047,0.11225104023743589,0.007933718102509056,0.15095168507177506,-0.04486323804943611
A02,-0.17964471853878844,0.04382251596189571,0.008829440638888159,0.005236618293874673,-0.16655781877239875,-0.07107588607268797,-0.06382899039062083
A03,0.00866107663601784,-0.19562812060115065,-0.2007015304903604,0.052214935739060164,-0.02672596535640094,-0.038764489053214946,0.09024079955040394
A04,-0.09159653860209557,-0.16065628329195492,-0.03934247216087017,0.08999899405794404,-0.013970718192104242,-0.27052960504187323,0.0029538246189939055
A05,0.16046418310760827,-0.10468034112716913,0.08337622331638694,0.06363055529367351,0.055087245021367276,-0.03427588194176094,-0.026282814209015515
A06,0.06512669973736201,0.1625219339247299,-0.16606417810564103,0.19589534741943387,0.09287276130040262,-0.04710318408198566,-0.012474249841882612
A07,0.17811951920657915,0.05626294037036417,-0.10907391375103181,0.07119970637290388,-0.07784860898001367,0.04507469437628675,-0.01073194119885762
A08,0.08102501374529436,-0.20757362321051992,0.04472532791868925,-0.016947474881579563,0.01251156375895246,0.09774251225117248,0.002360989603493735
A09,0.061885203027920124,0.2131359028966382,-0.050113072236255156,-0.08283612498694365,0.012851369987439187,-0.028562406791846684,-0.05558325818379467
A10,0.025303435494364108,-0.107685744969917,-0.001102153330592717,-0.13035519308126894,0.10420136894122034,0.33366671205752646,0.5172828307874391
A11,-0.1795168380966843,-0.02784889402125562,-0.04553045130106044,0.12340609750252439,-0.01702232389897501,0.05979181064960917,-0.0137728159427494
A12,0.0663260818788481,0.21448555251424511,-0.019675668841880958,0.028633080396455766,-0.07406565472141809,-0.07503594632554952,0.05529090204791659
A13,0.07423225527596668,0.04261684675361059,-0.2709044913886329,0.038908118071969436,-0.3102132846653097,-0.014792492770567375,-0.01874265858905174
A14,0.1804322957838819,-0.04838041291971839,0.10775613061887107,-0.02083082637421796,0.009299403858310571,0.01829905020155583,-0.0082208021691713
A15,0.09536659860911335,-0.1918395110477188,-0.029561665254630682,-0.02210618353768493,-0.055136676804962086,-0.04179929307741075,0.08728363682291315
A16,-0.09126791673266593,0.19428135691015633,0.025659319553652016,-0.044569788821969346,-0.037534826758058644,-0.042689675457371824,-0.015683046856537597
A17,-0.18174100571780347,-0.06515135899018863,0.07009861401448349,0.02253186152812918,-0.09257779702706441,-0.037719251206743395,-0.018547794132474045
A18,0.013115319622210745,-0.12297262712312824,0.20044430300530425,0.22537027590943418,-0.22770805113029222,-0.09495757496930472,-0.11912951760854529
A19,-0.11466532318463184,-0.04447684247339836,-0.122242126396225,0.07148522331148151,0.4208447927547219,-0.05499027120404813,-0.07873797461983004
A20,-0.005681478647872262,0.12452982429655068,-0.13549438629953642,0.09255950903145643,-0.06318300860418166,0.42012762122275876,-0.19139648039969814
A21,0.09814167849281809,-0.019522244009511528,0.24885315392613278,-0.037619723795967716,-0.014610439354057654,0.18115347917839733,-0.33343498500505286
A22,0.0626013478699394,-0.17739726135517764,0.084588675482674,0.16500088728647438,-0.13935451268133056,0.02038817253473629,0.16093502349098068
A23,0.1747889381350063,-0.08557040822745542,-0.004647995281334784,0.06474677024014926,0.038665732556590116,-0.032838497452597565,0.002776312549845927
A24,-0.08422848373951702,0.01674848401438512,-0.330655294633193,0.213391977559568,-0.08621405120859758,-0.047564437266514735,0.03416711761999161
A25,-0.16042191329293642,-0.12847769206427867,0.02256163620117298,0.04573843820019319,-0.0630063713840936,0.00557719582041724,0.03978213289463923
A26,-0.09991246773985393,0.06931614182888797,0.08774844070471391,0.09664474950385296,0.2881353889356511,-0.24970257806234541,0.21354338717764748
A27,-0.1835477271377025,0.06840496921229541,0.009104958872743723,-0.02721312861588869,-0.08328978659410645,0.013040509772872768,0.004073887035708658
A28,0.0803895862840547,-0.13337689645822684,0.007912814434165558,0.14133748584434844,0.06634091582491461,-0.16263514457834063,-0.08115684155110715
A29,-0.12585761344538762,-0.1487595611640858,-0.017457468228125144,-0.12996187815785018,0.11592179750184463,0.12839416858377095,-0.014569514411982756
A30,-0.17495780721059442,0.07408895404824817,0.00896145360021613,-0.10434111938120959,-0.017436357969947528,0.1124316558049876,-0.12048353212941414
A31,0.18594303766471476,0.04533571153173489,-0.007655115615876791,0.11924986225184349,0.022804612710856906,0.058679984210653895,0.04757052833883459
A32,0.1211449004866474,0.0872595571203963,-0.02871203560853348,-0.30093360486571974,0.10425349687887546,0.06969276519548312,0.09220246217680622
A33,0.031999894584579094,-0.1973301320930842,-0.14303650735968287,0.15526153427141703,-0.007260614339515122,0.009560990312138001,-0.023484069219822892
A34,-0.18213288938572617,-0.04937203650431722,-0.006850749871006174,0.11412737307300021,0.042656535557165656,0.04875654115072782,0.029991610699734248
A35,0.14261457892344348,-0.08532956957457878,-0.09274353390743992,-0.12058120380385279,0.2600254726624137,-0.07670347509971152,-0.05431996437093805
A36,0.1907008585748448,-0.024303083478828688,0.030912293216948685,-0.030249328219990157,0.06455748061108131,-0.07422263976437136,-0.014287653917566364
A37,-0.10477749580121361,-0.01783185543868063,0.16354218453591737,-0.24142151634397616,-0.31876425337989517,0.06225426397309724,0.022968273739990445
A38,-0.041836183714960236,0.20989844600678356,0.07136358081773876,0.10593665831424799,0.02348820784840765,0.0926676401843041,0.01893517195703455
A39,0.12214348465457572,-0.04852534434262445,0.22030809022531764,-0.21509323158896965,-0.03058460576844675,-0.2197490126084932,0.0022920991068387736
A40,0.1474111698736887,0.0025104757110949115,-0.04776280296828186,-0.055548784267519316,-0.2180455590926144,-0.3079333374490789,-0.02999917601278818
A41,0.005911666392820714,-0.10902122431313034,-0.25702027068772254,-0.2291628312494524,0.06658526646848338,-0.10611047297721267,-0.3472840962780682
A42,0.17570130153391034,-0.0672786767263415,-0.010881380989327179,0.13284911960374604,-0.07404814607974858,0.013525937636422413,0.08431804006023454
A43,0.06922216099633638,-0.2038917124554638,0.09161133805900933,-0.0049422376946931905,0.0467186597327586,-0.007045438989120686,-0.009961746479733033
A44,-0.17047569720253197,-0.06861939355386971,0.11804605030065012,0.035667335820925246,0.06127462303727358,-0.033098985062786426,0.013346753617981934
A45,0.13558213477789646,0.12756708662033317,-0.10077814248571024,0.0928914643342346,-0.043948072322060786,0.019874291716961007,-0.09898671932437593
A46,-0.008433553792046961,-0.14098416748521542,-0.1999216724345079,-0.2601716773404141,0.140960034334169,0.08371846737231811,-0.10471524345965412
A47,0.09504700330286305,0.18241926539697534,0.03774418646861771,0.006008414476261502,-0.18475687744543626,0.006114837329781733,0.15618600011303757
A48,-0.16298926299428484,-0.08454555599689824,-0.05830177658581944,-0.11793156541359293,-0.17489399522910498,0.03153565742081236,0.10507328841819571
A49,-0.06736473156062932,0.20966169510762875,-0.04306380029950449,0.03797350011652615,0.005193127495892432,0.06462408116016305,-0.02776377990163574
A50,0.07678902609172143,-0.048046696900412175,0.3336150399699173,0.06728069523290785,0.015109615197784153,0.012993758034551241,0.03545365894525895
A51,-0.052661190811936695,0.19415475979335797,-0.007985904314612251,-0.21650047844010503,-0.08988987686494393,-0.14329148399850095,-0.026363017347404222
A52,0.04629762775694877,-0.16067265269620076,-0.20250586719382346,-0.035410409045051744,-0.138275360577907,-0.09471942865148171,-0.08406164464632652
A53,0.018921865119364542,-0.13640607725089127,-0.1857232939303951,-0.09602698006653988,-0.07132758204863823,0.17424102902571603,0.2828482185861709
A54,-0.18928022640365152,-0.004527179177357877,-0.07961367864675592,-0.010357407027945022,-0.04618611243135185,0.03976984055354714,0.016574409295859443
A55,0.18611706222046534,0.042227898918454444,-0.03230639836861604,-0.04202082676863936,-0.12438977570736427,0.03391008939636724,-0.02175854165872379
A56,-0.144652061817575,-0.1463126102735965,-0.02345399180974644,0.03341369534589975,-0.0027850262562942106,-0.006417661183931224,0.06557789389906196
A57,0.15073108540429456,-0.07777359737340639,0.12738949127612886,0.06670130055739754,-0.03153546527895597,0.18639299286395078,-0.11601640819448632
A58,-0.10179153964771569,0.1557838966317889,-0.055091450162760354,-0.08580133565968252,-0.019632895727148734,-0.06413827011301265,0.16299840669469398
A59,-0.027154895352858175,-0.17355041989572137,0.09597028296018305,-0.1301978987639732,-0.08913327800961063,0.25112760317600485,-0.19199447765731517
A60,-0.10633808292343641,-0.16775402786162472,-0.08256241485124681,-0.013008229270173552,-0.11532558432723121,0.003529236969003227,-0.1367267888316112
A61,-0.1514263145850524,-0.10067121256238744,0.08525435558529261,0.2042943804367129,-0.10356049143427581,-0.018261237686395454,0.06605842567786882
A62,0.17699597532350822,0.007287581634351525,-0.11355555582168564,0.06368887982702574,-0.11457492258043911,0.04397250067811718,0.1367963530981178
A63,0.15297243386936346,0.13502268124527447,0.05692414400805117,0.051850836492383215,0.06844140318184577,0.0790006049337583,0.041328012514882655
