ALAND,AWATER,COUNTYFP,GEOID,NAME,NAMELSAD,STATEFP,TRACTCE,area_km2,below_poverty_count,below_poverty_count_clean,city,high_poverty_flag,inequity_group,low_income_flag,hi_summer_mean_c,hi_summer_median_c,median_household_income,median_household_income_clean,poverty_rate,poverty_universe,poverty_universe_clean,total_population,total_population_clean
7360771,0,013,04013117200,1172,Census Tract 1172,04,117200,7.35659509597991,292,292,Phoenix,True,Low income + High poverty,True,33.55384219869438,33.55384219869438,65735,65735.0,0.25955555555555554,1125,1125,1125,1125
5194775,1855,013,04013082016,820.16,Census Tract 820.16,04,082016,5.194239031824162,530,530,Phoenix,False,High income + Low poverty,False,34.0327935706074,34.18679044946821,90156,90156.0,0.1277416244878284,4149,4149,4197,4197
2556177,25320,013,04013104402,1044.02,Census Tract 1044.02,04,104402,2.580104783518164,305,305,Phoenix,False,Low income + Low poverty,True,33.30751880031277,33.30751880031277,70455,70455.0,0.12525667351129363,2435,2435,2435,2435
1067401,0,013,04013104701,1047.01,Census Tract 1047.01,04,104701,1.0668026440017557,639,639,Phoenix,True,Low income + High poverty,True,33.3082424010499,33.3082424010499,68613,68613.0,0.23432343234323433,2727,2727,2727,2727
1449651,0,013,04013104702,1047.02,Census Tract 1047.02,04,104702,1.448833548334368,770,770,Phoenix,True,Low income + High poverty,True,33.3082424010499,33.3082424010499,42543,42543.0,0.21026761332605134,3662,3662,3662,3662
11578967,4914,013,04013112512,1125.12,Census Tract 1125.12,04,112512,11.578018395735766,371,371,Phoenix,True,Low income + High poverty,True,33.82097268165478,33.806902767508106,42656,42656.0,0.459727385377943,807,807,807,807
2582894,0,013,04013104218,1042.18,Census Tract 1042.18,04,104218,2.5815651382310194,362,362,Phoenix,False,High income + Low poverty,False,32.62849711203191,32.62849711203191,79427,79427.0,0.0949383687385261,3813,3813,3921,3921
2494692,16877,013,04013104225,1042.25,Census Tract 1042.25,04,104225,2.510275864844376,228,228,Phoenix,False,High income + Low poverty,False,32.62849711203191,32.62849711203191,100871,100871.0,0.06007905138339921,3795,3795,3805,3805
2574890,0,013,04013104219,1042.19,Census Tract 1042.19,04,104219,2.573564288842438,497,497,Phoenix,True,High income + High poverty,False,32.62849711203191,32.62849711203191,76458,76458.0,0.14747774480712167,3370,3370,4232,4232
6027649,0,013,04013104801,1048.01,Census Tract 1048.01,04,104801,6.0241983884868375,287,287,Phoenix,False,High income + Low poverty,False,33.3082424010499,33.3082424010499,138636,138636.0,0.07234686160826821,3967,3967,3983,3983
3300619,0,013,04013104802,1048.02,Census Tract 1048.02,04,104802,3.2987164451739894,833,833,Phoenix,True,High income + High poverty,False,33.3082424010499,33.3082424010499,79085,79085.0,0.15295629820051415,5446,5446,5632,5632
2584775,0,013,04013104900,1049,Census Tract 1049,04,104900,2.5832640979693045,124,124,Phoenix,False,High income + Low poverty,False,33.30950272249914,33.3082424010499,116188,116188.0,0.028965195047886007,4281,4281,4293,4293
19097867,3554,013,04013105102,1051.02,Census Tract 1051.02,04,105102,19.090334826710002,443,443,Phoenix,False,High income + Low poverty,False,33.30970789110715,33.3082424010499,106919,106919.0,0.09506437768240343,4660,4660,4682,4682
1299698,0,013,04013115801,1158.01,Census Tract 1158.01,04,115801,1.298973466989635,1035,1035,Phoenix,True,Low income + High poverty,True,33.619846933368876,33.619846933368876,39474,39474.0,0.2757059136920618,3754,3754,3754,3754
3155391,0,013,04013082017,820.17,Census Tract 820.17,04,082017,3.153942919050332,627,627,Phoenix,False,High income + Low poverty,False,34.18679044946821,34.18679044946821,102500,102500.0,0.10672340425531915,5875,5875,5875,5875
1349480,0,013,04013107102,1071.02,Census Tract 1071.02,04,107102,1.3487752472180585,1284,1284,Phoenix,True,Low income + High poverty,True,,,46881,46881.0,0.279191128506197,4599,4599,4639,4639
1298213,0,013,04013107201,1072.01,Census Tract 1072.01,04,107201,1.2975265726933702,424,424,Phoenix,True,Low income + High poverty,True,,,29615,29615.0,0.5848275862068966,725,725,4879,4879
2609407,0,013,04013107500,1075,Census Tract 1075,04,107500,2.6079591989662125,162,162,Phoenix,False,High income + Low poverty,False,33.3082424010499,33.3082424010499,108542,108542.0,0.04602272727272727,3520,3520,3520,3520
2619950,0,013,04013107700,1077,Census Tract 1077,04,107700,2.6184556975112288,122,122,Phoenix,False,High income + Low poverty,False,33.3082424010499,33.3082424010499,89043,89043.0,0.03139475038600103,3886,3886,3903,3903
3533730,79612,013,04013107800,1078,Census Tract 1078,04,107800,3.611256535560367,94,94,Phoenix,False,High income + Low poverty,False,33.3082424010499,33.3082424010499,109338,109338.0,0.03933054393305439,2390,2390,2390,2390
3182443,33230,013,04013111100,1111,Census Tract 1111,04,111100,3.213746585783261,224,224,Phoenix,False,High income + Low poverty,False,33.684223247532515,33.684223247532515,99787,99787.0,0.04748781004875981,4717,4717,4717,4717
1912006,0,013,04013111201,1112.01,Census Tract 1112.01,04,111201,1.9108613374897376,421,421,Phoenix,False,Low income + Low poverty,True,33.684223247532515,33.684223247532515,53798,53798.0,0.0665086887835703,6330,6330,6379,6379
895521,0,013,04013111202,1112.02,Census Tract 1112.02,04,111202,0.8949868751532984,327,327,Phoenix,True,Low income + High poverty,True,33.684223247532515,33.684223247532515,70840,70840.0,0.18464144551101072,1771,1771,1782,1782
2510746,0,013,04013082205,822.05,Census Tract 822.05,04,082205,2.5095685370696965,685,685,Phoenix,False,High income + Low poverty,False,34.18679044946821,34.18679044946821,88809,88809.0,0.10263709919089002,6674,6674,6702,6702
2549154,0,013,04013104401,1044.01,Census Tract 1044.01,04,104401,2.5477810261586904,1341,1341,Phoenix,True,Low income + High poverty,True,33.30751880031277,33.30751880031277,38151,38151.0,0.24105698364191983,5563,5563,5686,5686
636242,14455,013,04013105503,1055.03,Census Tract 1055.03,04,105503,0.650341428350785,1032,1032,Phoenix,True,Low income + High poverty,True,33.30751880031277,33.30751880031277,45677,45677.0,0.24612449320295732,4193,4193,4193,4193
1405622,0,013,04013109702,1097.02,Census Tract 1097.02,04,109702,1.404951745026927,1147,1147,Phoenix,True,Low income + High poverty,True,34.18679044946821,34.18679044946821,58523,58523.0,0.20786516853932585,5518,5518,5571,5571
1219660,0,013,04013109801,1098.01,Census Tract 1098.01,04,109801,1.2190578101148601,1392,1392,Phoenix,True,Low income + High poverty,True,33.90187468799813,33.806902767508106,42260,42260.0,0.3030698889614631,4593,4593,4593,4593
608760,0,013,04013109704,1097.04,Census Tract 1097.04,04,109704,0.6084649312647992,422,422,Phoenix,True,Low income + High poverty,True,34.18679044946821,34.18679044946821,56118,56118.0,0.16679841897233202,2530,2530,2530,2530
560707,0,013,04013109705,1097.05,Census Tract 1097.05,04,109705,0.5604377886598872,278,278,Phoenix,True,High income + High poverty,False,34.18679044946821,34.18679044946821,96111,96111.0,0.15108695652173912,1840,1840,1840,1840
2604898,13762,013,04013109900,1099,Census Tract 1099,04,109900,2.6173376895089255,1704,1704,Phoenix,True,Low income + High poverty,True,33.806902767508106,33.806902767508106,57222,57222.0,0.23772321428571427,7168,7168,7204,7204
702973,0,013,04013106801,1068.01,Census Tract 1068.01,04,106801,0.7025990857700852,2322,2322,Phoenix,True,Low income + High poverty,True,33.30751880031277,33.30751880031277,32229,32229.0,0.5094339622641509,4558,4558,4581,4581
1286009,0,013,04013109101,1091.01,Census Tract 1091.01,04,109101,1.2853257847037052,626,626,Phoenix,True,Low income + High poverty,True,33.30751880031277,33.30751880031277,61688,61688.0,0.17264202978488694,3626,3626,3626,3626
702933,0,013,04013106001,1060.01,Census Tract 1060.01,04,106001,0.7025560376661408,635,635,Phoenix,True,Low income + High poverty,True,33.30751880031277,33.30751880031277,48456,48456.0,0.34473398479913137,1842,1842,1853,1853
1333564,0,013,04013108302,1083.02,Census Tract 1083.02,04,108302,1.3327816773068335,174,174,Phoenix,False,High income + Low poverty,False,,,76181,76181.0,0.06473214285714286,2688,2688,2688,2688
1325956,0,013,04013082018,820.18,Census Tract 820.18,04,082018,1.3253356887785892,419,419,Phoenix,False,High income + Low poverty,False,,,82106,82106.0,0.08053046319431098,5203,5203,5203,5203
2012357,0,013,04013616500,6165,Census Tract 6165,04,616500,2.0112680810548893,570,570,Phoenix,True,High income + High poverty,False,32.62849711203191,32.62849711203191,78088,78088.0,0.15472312703583063,3684,3684,3685,3685
1258866,0,013,04013618700,6187,Census Tract 6187,04,618700,1.2581718189370708,237,237,Phoenix,False,High income + Low poverty,False,,,84813,84813.0,0.08063967335828513,2939,2939,2939,2939
4413382,750,013,04013116730,1167.30,Census Tract 1167.30,04,116730,4.411797821826935,58,58,Phoenix,False,High income + Low poverty,False,33.18975435846057,33.18975435846057,140729,140729.0,0.031746031746031744,1827,1827,1827,1827
64322002,873,013,04013116733,1167.33,Census Tract 1167.33,04,116733,64.28719950585433,0,0,Phoenix,False,Missing,False,33.70181159787861,33.68585166804336,-666666666,,0.0,8,8,8,8
2694262,0,013,04013616300,6163,Census Tract 6163,04,616300,2.6928514461711233,62,62,Phoenix,False,High income + Low poverty,False,32.62849711203191,32.62849711203191,99722,99722.0,0.03276955602536998,1892,1892,1892,1892
9148409,28572,013,04013610600,6106,Census Tract 6106,04,610600,9.172039993334813,260,260,Phoenix,False,High income + Low poverty,False,32.424856621511154,32.424856621511154,133571,133571.0,0.04427038991997276,5873,5873,5980,5980
2541598,42523,013,04013111900,1119,Census Tract 1119,04,111900,2.582712264096869,112,112,Phoenix,False,High income + Low poverty,False,33.55384219869438,33.55384219869438,138241,138241.0,0.044889779559118236,2495,2495,2495,2495
1324338,0,013,04013617100,6171,Census Tract 6171,04,617100,1.3235649808867296,42,42,Phoenix,False,High income + Low poverty,False,32.705018891501915,32.705018891501915,111161,111161.0,0.018708240534521157,2245,2245,2245,2245
14866699,17173,013,04013614700,6147,Census Tract 6147,04,614700,14.87567849881632,407,407,Phoenix,False,Low income + Low poverty,True,32.683435825497554,32.705018891501915,54716,54716.0,0.12299788455726805,3309,3309,3309,3309
1973896,0,013,04013614800,6148,Census Tract 6148,04,614800,1.972808709045102,575,575,Phoenix,True,Low income + High poverty,True,32.705018891501915,32.705018891501915,72022,72022.0,0.13206247129076712,4354,4354,4374,4374
1227314,23669,013,04013104501,1045.01,Census Tract 1045.01,04,104501,1.2502982474608189,934,934,Phoenix,True,Low income + High poverty,True,33.3082424010499,33.3082424010499,48135,48135.0,0.22965330710597492,4067,4067,4080,4080
1342083,0,013,04013104502,1045.02,Census Tract 1045.02,04,104502,1.3413485372113014,1045,1045,Phoenix,True,Low income + High poverty,True,33.3082424010499,33.3082424010499,56169,56169.0,0.19547325102880658,5346,5346,5456,5456
7780043,4519,013,04013107900,1079,Census Tract 1079,04,107900,7.779890607638071,539,539,Phoenix,True,High income + High poverty,False,33.3145440082961,33.3145440082961,107559,107559.0,0.1529078014184397,3525,3525,3532,3532
3793388,16550,013,04013108000,1080,Census Tract 1080,04,108000,3.8076322304398693,22,22,Phoenix,False,High income + Low poverty,False,33.684223247532515,33.684223247532515,250001,250001.0,0.007031000319590924,3129,3129,3129,3129
2635515,0,013,04013103205,1032.05,Census Tract 1032.05,04,103205,2.6339315971719532,134,134,Phoenix,False,High income + Low poverty,False,32.58828848276658,32.58828848276658,118472,118472.0,0.054760931753167146,2447,2447,2447,2447
2573799,0,013,04013103206,1032.06,Census Tract 1032.06,04,103206,2.5722333285277132,78,78,Phoenix,False,High income + Low poverty,False,32.58828848276658,32.58828848276658,151369,151369.0,0.03415061295971979,2284,2284,2284,2284
1297867,0,013,04013082010,820.10,Census Tract 820.10,04,082010,1.297257541338159,746,746,Phoenix,True,High income + High poverty,False,34.18679044946821,34.18679044946821,87200,87200.0,0.1354639549664064,5507,5507,5702,5702
2420553,0,013,04013103207,1032.07,Census Tract 1032.07,04,103207,2.4190645266755406,92,92,Phoenix,False,High income + Low poverty,False,32.58828848276658,32.58828848276658,166250,166250.0,0.04362256993835941,2109,2109,2215,2215
2777556,0,013,04013103208,1032.08,Census Tract 1032.08,04,103208,2.77591119827309,236,236,Phoenix,False,Low income + Low poverty,True,33.3145440082961,33.3145440082961,74129,74129.0,0.06283280085197018,3756,3756,3756,3756
6494901,101790,013,04013103209,1032.09,Census Tract 1032.09,04,103209,6.592709831455025,232,232,Phoenix,False,High income + Low poverty,False,33.3145440082961,33.3145440082961,138803,138803.0,0.04679306171843485,4958,4958,4961,4961
1333357,0,013,04013116707,1167.07,Census Tract 1167.07,04,116707,1.3325676512023616,21,21,Phoenix,False,High income + Low poverty,False,33.87067866933084,33.87067866933084,108194,108194.0,0.006687898089171975,3140,3140,3157,3157
3320677,47415,013,04013116708,1167.08,Census Tract 1167.08,04,116708,3.3660924481136534,338,338,Phoenix,False,High income + Low poverty,False,33.87067866933084,33.87067866933084,95123,95123.0,0.06252312245652979,5406,5406,5406,5406
1087125,0,013,04013116709,1167.09,Census Tract 1167.09,04,116709,1.0864730534982623,750,750,Phoenix,True,Low income + High poverty,True,33.87067866933084,33.87067866933084,61778,61778.0,0.2527805864509606,2967,2967,2987,2987
3827560,0,013,04013116710,1167.10,Census Tract 1167.10,04,116710,3.82532629144436,776,776,Phoenix,True,High income + High poverty,False,33.722817068300856,33.68585166804336,146020,146020.0,0.14863053054970313,5221,5221,5221,5221
1077758,32009,013,04013116711,1167.11,Census Tract 1167.11,04,116711,1.109111685196818,275,275,Phoenix,True,High income + High poverty,False,33.87067866933084,33.87067866933084,88750,88750.0,0.1372255489021956,2004,2004,2004,2004
2603116,0,013,04013106600,1066,Census Tract 1066,04,106600,2.6016742759133056,88,88,Phoenix,False,High income + Low poverty,False,33.3082424010499,33.3082424010499,136250,136250.0,0.024519364725550292,3589,3589,3676,3676
1557172,16048,013,04013108200,1082,Census Tract 1082,04,108200,1.5722889426698092,413,413,Phoenix,False,High income + Low poverty,False,33.3145440082961,33.3145440082961,108750,108750.0,0.12280701754385964,3363,3363,3363,3363
2624350,0,013,04013111000,1110,Census Tract 1110,04,111000,2.622797906484484,136,136,Phoenix,False,High income + Low poverty,False,33.684223247532515,33.684223247532515,105336,105336.0,0.029610276507729152,4593,4593,4593,4593
971454,9453,013,04013113602,1136.02,Census Tract 1136.02,04,113602,0.9803357205900888,712,712,Phoenix,True,Low income + High poverty,True,33.55384219869438,33.55384219869438,42063,42063.0,0.1708663306935445,4167,4167,4200,4200
2665412,0,013,04013113900,1139,Census Tract 1139,04,113900,2.6638895824158113,546,546,Phoenix,True,Low income + High poverty,True,33.55384219869438,33.55384219869438,23232,23232.0,0.4105263157894737,1330,1330,1330,1330
2617578,0,013,04013114000,1140,Census Tract 1140,04,114000,2.616103701707566,298,298,Phoenix,True,Low income + High poverty,True,33.55384219869438,33.55384219869438,48523,48523.0,0.16546363131593558,1801,1801,1801,1801
1309884,0,013,04013114100,1141,Census Tract 1141,04,114100,1.309155240303268,276,276,Phoenix,True,Low income + High poverty,True,33.55384219869438,33.55384219869438,72895,72895.0,0.1838774150566289,1501,1501,2605,2605
1279098,0,013,04013114200,1142,Census Tract 1142,04,114200,1.2783901207360897,167,167,Phoenix,True,Low income + High poverty,True,33.55384219869438,33.55384219869438,32452,32452.0,0.17803837953091683,938,938,938,938
1311625,0,013,04013114302,1143.02,Census Tract 1143.02,04,114302,1.310907715086724,645,645,Phoenix,True,Low income + High poverty,True,33.55384219869438,33.55384219869438,31484,31484.0,0.24874662553027382,2593,2593,2593,2593
1413808,0,013,04013618300,6183,Census Tract 6183,04,618300,1.4130726997004255,391,391,Phoenix,True,High income + High poverty,False,32.62849711203191,32.62849711203191,89356,89356.0,0.13618948101706724,2871,2871,2871,2871
2581154,0,013,04013116605,1166.05,Census Tract 1166.05,04,116605,2.579830757704469,491,491,Phoenix,False,High income + Low poverty,False,33.69158270386449,33.69158270386449,91645,91645.0,0.06873862522749545,7143,7143,7143,7143
2577696,0,013,04013116606,1166.06,Census Tract 1166.06,04,116606,2.576351138452719,1090,1090,Phoenix,True,High income + High poverty,False,33.69158270386449,33.69158270386449,80288,80288.0,0.17563648082500805,6206,6206,6228,6228
10023639,1855,013,04013613000,6130,Census Tract 6130,04,613000,10.019422931056551,265,265,Phoenix,False,High income + Low poverty,False,31.306490363261293,31.306490363261293,171755,171755.0,0.04347112860892388,6096,6096,6096,6096
326530,0,013,04013619100,6191,Census Tract 6191,04,619100,0.32634785680480555,477,477,Phoenix,True,Low income + High poverty,True,32.705018891501915,32.705018891501915,44509,44509.0,0.13497453310696095,3534,3534,3538,3538
56240857,33838,013,04013611300,6113,Census Tract 6113,04,611300,56.245608221170784,220,220,Phoenix,False,High income + Low poverty,False,32.305300288094635,32.30897859005257,131135,131135.0,0.030872859949480774,7126,7126,7143,7143
1594700,10062,013,04013117100,1171,Census Tract 1171,04,117100,1.603872726936798,336,336,Phoenix,False,High income + Low poverty,False,,,77875,77875.0,0.11991434689507495,2802,2802,3029,3029
8067812,100686,013,04013117300,1173,Census Tract 1173,04,117300,8.164128476749225,717,717,Phoenix,True,Low income + High poverty,True,33.806902767508106,33.806902767508106,40833,40833.0,0.3140604467805519,2283,2283,2283,2283
2583291,722,013,04013116607,1166.07,Census Tract 1166.07,04,116607,2.5826440753871975,299,299,Phoenix,False,High income + Low poverty,False,33.7492427356863,33.749242735686295,103516,103516.0,0.07259043457149794,4119,4119,4119,4119
5052608,103256,013,04013116610,1166.10,Census Tract 1166.10,04,116610,5.153198560234445,660,660,Phoenix,False,High income + Low poverty,False,33.69158270386449,33.69158270386449,115415,115415.0,0.0908590308370044,7264,7264,7271,7271
6780072,0,013,04013116732,1167.32,Census Tract 1167.32,04,116732,6.776412784663228,1000,1000,Phoenix,True,High income + High poverty,False,33.68871718595393,33.68871718595393,82109,82109.0,0.23730422401518747,4214,4214,4214,4214
1309393,0,013,04013112301,1123.01,Census Tract 1123.01,04,112301,1.308720589384661,881,881,Phoenix,True,Low income + High poverty,True,33.806902767508106,33.806902767508106,49849,49849.0,0.15816876122082585,5570,5570,5674,5674
1299463,0,013,04013112402,1124.02,Census Tract 1124.02,04,112402,1.2988115487228742,1616,1616,Phoenix,True,High income + High poverty,False,33.806902767508106,33.806902767508106,76779,76779.0,0.27857265988622654,5801,5801,5801,5801
1280712,0,013,04013082028,820.28,Census Tract 820.28,04,082028,1.2801164710183086,904,904,Phoenix,True,Low income + High poverty,True,34.18679044946821,34.18679044946821,66151,66151.0,0.21411653244907627,4222,4222,4316,4316
1234925,0,013,04013616200,6162,Census Tract 6162,04,616200,1.2342886125853394,282,282,Phoenix,False,High income + Low poverty,False,32.62849711203191,32.62849711203191,105687,105687.0,0.07715458276333789,3655,3655,3662,3662
3535944,0,013,04013614500,6145,Census Tract 6145,04,614500,3.534057226413589,551,551,Phoenix,False,High income + Low poverty,False,32.62849711203191,32.62849711203191,78531,78531.0,0.12463243610042976,4421,4421,4426,4426
5780134,9124,013,04013614900,6149,Census Tract 6149,04,614900,5.785972411206707,262,262,Phoenix,False,High income + Low poverty,False,32.705018891501915,32.705018891501915,98750,98750.0,0.0703166935050993,3726,3726,3863,3863
3470130,0,013,04013116703,1167.03,Census Tract 1167.03,04,116703,3.4681882510553903,332,332,Phoenix,False,High income + Low poverty,False,33.68585166804336,33.68585166804336,115712,115712.0,0.06585994842293195,5041,5041,5272,5272
2654771,0,013,04013111800,1118,Census Tract 1118,04,111800,2.6532986406464962,579,579,Phoenix,False,High income + Low poverty,False,33.55384219869438,33.55384219869438,96622,96622.0,0.12929879410451095,4478,4478,4478,4478
1453063,0,013,04013112201,1122.01,Census Tract 1122.01,04,112201,1.452300830189419,473,473,Phoenix,False,Low income + Low poverty,True,33.806902767508106,33.806902767508106,57052,57052.0,0.10796621775850263,4381,4381,4427,4427
1136730,0,013,04013112202,1122.02,Census Tract 1122.02,04,112202,1.136140888996785,863,863,Phoenix,True,Low income + High poverty,True,33.806902767508106,33.806902767508106,46174,46174.0,0.20102492429536456,4293,4293,4405,4405
7958832,0,013,04013116203,1162.03,Census Tract 1162.03,04,116203,7.954194429847355,1392,1392,Phoenix,True,High income + High poverty,False,33.68703332070792,33.68585166804336,88385,88385.0,0.20318201722376295,6851,6851,6851,6851
2565914,0,013,04013116204,1162.04,Census Tract 1162.04,04,116204,2.564399458145085,926,926,Phoenix,True,Low income + High poverty,True,33.77745095843168,33.77745095843168,61203,61203.0,0.2256335282651072,4104,4104,4239,4239
1155445,0,013,04013116205,1162.05,Census Tract 1162.05,04,116205,1.1547634154657138,347,347,Phoenix,False,Low income + Low poverty,True,33.87067866933084,33.87067866933084,60951,60951.0,0.09216467463479415,3765,3765,3765,3765
2687782,0,013,04013116300,1163,Census Tract 1163,04,116300,2.6862469491128045,1052,1052,Phoenix,True,Low income + High poverty,True,33.68585166804336,33.68585166804336,64867,64867.0,0.17785291631445477,5915,5915,6013,6013
2625229,0,013,04013116400,1164,Census Tract 1164,04,116400,2.623751260858788,1767,1767,Phoenix,True,High income + High poverty,False,33.68585166804336,33.68585166804336,90840,90840.0,0.3010221465076661,5870,5870,5870,5870
1000964,79805,013,04013104302,1043.02,Census Tract 1043.02,04,104302,1.080192809492269,825,825,Phoenix,True,Low income + High poverty,True,33.30751880031277,33.30751880031277,41923,41923.0,0.21450858034321374,3846,3846,3846,3846
1486942,0,013,04013104301,1043.01,Census Tract 1043.01,04,104301,1.4861553560470893,366,366,Phoenix,False,Low income + Low poverty,True,33.30751880031277,33.30751880031277,68826,68826.0,0.09331973482916879,3922,3922,3941,3941
1313676,0,013,04013106501,1065.01,Census Tract 1065.01,04,106501,1.3129373802388693,283,283,Phoenix,False,High income + Low poverty,False,33.3082424010499,33.3082424010499,81310,81310.0,0.08526664658029527,3319,3319,3319,3319
1296657,0,013,04013110801,1108.01,Census Tract 1108.01,04,110801,1.295906292042534,816,816,Phoenix,True,Low income + High poverty,True,33.55384219869438,33.55384219869438,74982,74982.0,0.1668029435813573,4892,4892,4942,4942
1321735,0,013,04013110902,1109.02,Census Tract 1109.02,04,110902,1.3209598555246387,654,654,Phoenix,True,High income + High poverty,False,33.63207082799726,33.684223247532515,78497,78497.0,0.14110032362459546,4635,4635,4635,4635
701867,6106,013,04013111501,1115.01,Census Tract 1115.01,04,111501,0.7075655435916615,328,328,Phoenix,True,Low income + High poverty,True,33.55384219869438,33.55384219869438,42813,42813.0,0.16294088425235967,2013,2013,2013,2013
1891517,12800,013,04013111502,1115.02,Census Tract 1115.02,04,111502,1.9032209930737487,954,954,Phoenix,True,Low income + High poverty,True,33.55384219869438,33.55384219869438,53714,53714.0,0.16908897554058844,5642,5642,5797,5797
1207360,5283,013,04013111601,1116.01,Census Tract 1116.01,04,111601,1.2119451590308934,427,427,Phoenix,True,Low income + High poverty,True,33.55384219869438,33.55384219869438,69215,69215.0,0.13183081197900587,3239,3239,3241,3241
1395695,0,013,04013111602,1116.02,Census Tract 1116.02,04,111602,1.3949001479348195,884,884,Phoenix,True,Low income + High poverty,True,33.55384219869438,33.55384219869438,63098,63098.0,0.20615671641791045,4288,4288,4305,4305
2603480,0,013,04013111700,1117,Census Tract 1117,04,111700,2.602016428128544,392,392,Phoenix,False,High income + Low poverty,False,33.55384219869438,33.55384219869438,93333,93333.0,0.08320950965824665,4711,4711,4760,4760
1387781,0,013,04013114401,1144.01,Census Tract 1144.01,04,114401,1.3870346315322546,628,628,Phoenix,True,Low income + High poverty,True,33.806902767508106,33.806902767508106,44250,44250.0,0.3829268292682927,1640,1640,1640,1640
1200491,0,013,04013114402,1144.02,Census Tract 1144.02,04,114402,1.199840578655998,566,566,Phoenix,True,Low income + High poverty,True,33.806902767508106,33.806902767508106,64625,64625.0,0.2972689075630252,1904,1904,1904,1904
2541453,0,013,04013114500,1145,Census Tract 1145,04,114500,2.540105640912693,731,731,Phoenix,True,Low income + High poverty,True,33.806902767508106,33.806902767508106,41461,41461.0,0.19036458333333334,3840,3840,3840,3840
2581410,0,013,04013114600,1146,Census Tract 1146,04,114600,2.5800621466201585,367,367,Phoenix,True,Low income + High poverty,True,33.806902767508106,33.806902767508106,40521,40521.0,0.21116225546605294,1738,1738,1754,1754
5404127,2061,013,04013114800,1148,Census Tract 1148,04,114800,5.403237034934326,776,776,Phoenix,True,Low income + High poverty,True,33.55384219869438,33.55384219869438,60481,60481.0,0.256021115143517,3031,3031,3031,3031
2826462,0,013,04013114900,1149,Census Tract 1149,04,114900,2.8248956019214146,1355,1355,Phoenix,True,Low income + High poverty,True,33.55384219869438,33.55384219869438,25306,25306.0,0.4524207011686144,2995,2995,3008,3008
1293573,0,013,04013108502,1085.02,Census Tract 1085.02,04,108502,1.2928355813762495,170,170,Phoenix,False,High income + Low poverty,False,33.3082424010499,33.3082424010499,106149,106149.0,0.04551539491298527,3735,3735,3735,3735
650530,0,013,04013109001,1090.01,Census Tract 1090.01,04,109001,0.6501799554692819,1786,1786,Phoenix,True,Low income + High poverty,True,33.30751880031277,33.30751880031277,49375,49375.0,0.3435276014618196,5199,5199,5330,5330
942940,0,013,04013109002,1090.02,Census Tract 1090.02,04,109002,0.942429183719763,975,975,Phoenix,True,Low income + High poverty,True,33.30751880031277,33.30751880031277,52800,52800.0,0.25038520801232667,3894,3894,3906,3906
957429,9900,013,04013109003,1090.03,Census Tract 1090.03,04,109003,0.9668097291610637,1639,1639,Phoenix,True,Low income + High poverty,True,,,43345,43345.0,0.26785422454649455,6119,6119,6331,6331
1281313,0,013,04013109102,1091.02,Census Tract 1091.02,04,109102,1.2806377895594208,2111,2111,Phoenix,True,Low income + High poverty,True,,,65959,65959.0,0.3012701584130156,7007,7007,7010,7010
1414636,0,013,04013110501,1105.01,Census Tract 1105.01,04,110501,1.4138538147630775,764,764,Phoenix,True,Low income + High poverty,True,33.55384219869438,33.55384219869438,54820,54820.0,0.2064864864864865,3700,3700,3780,3780
1310115,0,013,04013110502,1105.02,Census Tract 1105.02,04,110502,1.3093834510597986,821,821,Phoenix,True,Low income + High poverty,True,33.55384219869438,33.55384219869438,68333,68333.0,0.20992073638455638,3911,3911,3911,3911
1306661,0,013,04013110802,1108.02,Census Tract 1108.02,04,110802,1.3059087736868704,443,443,Phoenix,True,High income + High poverty,False,33.55384219869438,33.55384219869438,85220,85220.0,0.1797160243407708,2465,2465,2465,2465
1328206,0,013,04013110901,1109.01,Census Tract 1109.01,04,110901,1.3274312382577351,511,511,Phoenix,True,Low income + High poverty,True,33.55384219869438,33.55384219869438,60462,60462.0,0.13718120805369127,3725,3725,3743,3743
3298988,0,013,04013116731,1167.31,Census Tract 1167.31,04,116731,3.2972062775616564,110,110,Phoenix,False,High income + Low poverty,False,33.40755035978331,33.18975435846057,161167,161167.0,0.031455533314269375,3497,3497,3497,3497
1924567,9252,013,04013117000,1170,Census Tract 1170,04,117000,1.9327745738367628,1079,1079,Phoenix,True,Low income + High poverty,True,33.806902767508106,33.806902767508106,50968,50968.0,0.1729721064443732,6238,6238,6417,6417
1408301,0,013,04013619700,6197,Census Tract 6197,04,619700,1.4074675371853345,347,347,Phoenix,False,High income + Low poverty,False,,,94716,94716.0,0.1098448876226654,3159,3159,3193,3193
1416462,0,013,04013619800,6198,Census Tract 6198,04,619800,1.4156254792018368,236,236,Phoenix,False,High income + Low poverty,False,32.58828848276658,32.58828848276658,82069,82069.0,0.049074651694739034,4809,4809,4809,4809
3438345,0,013,04013619900,6199,Census Tract 6199,04,619900,3.4362738117417257,155,155,Phoenix,False,High income + Low poverty,False,32.58828848276658,32.58828848276658,150083,150083.0,0.02362444749276025,6561,6561,6600,6600
2918635,2146,013,04013082012,820.12,Census Tract 820.12,04,082012,2.919489651226898,867,867,Phoenix,False,High income + Low poverty,False,33.76687879227254,33.694000437113615,84773,84773.0,0.1271074622489371,6821,6821,6824,6824
1283745,0,013,04013105601,1056.01,Census Tract 1056.01,04,105601,1.2830615789718745,563,563,Phoenix,True,High income + High poverty,False,33.30751880031277,33.30751880031277,92292,92292.0,0.1374847374847375,4095,4095,4095,4095
1290174,0,013,04013105702,1057.02,Census Tract 1057.02,04,105702,1.2894983814949141,447,447,Phoenix,False,Low income + Low poverty,True,33.30751880031277,33.30751880031277,72320,72320.0,0.10532516493873705,4244,4244,4244,4244
2604619,0,013,04013105800,1058,Census Tract 1058,04,105800,2.603261398034085,637,637,Phoenix,False,High income + Low poverty,False,33.30751880031277,33.30751880031277,86890,86890.0,0.09446833753522171,6743,6743,6751,6751
2568620,0,013,04013105400,1054,Census Tract 1054,04,105400,2.567215103307962,44,44,Phoenix,False,High income + Low poverty,False,33.3082424010499,33.3082424010499,137955,137955.0,0.011783610069630423,3734,3734,3734,3734
2602568,0,013,04013105900,1059,Census Tract 1059,04,105900,2.601185170620502,649,649,Phoenix,False,Low income + Low poverty,True,33.30751880031277,33.30751880031277,70638,70638.0,0.12289339140314334,5281,5281,5286,5286
2554739,0,013,04013106100,1061,Census Tract 1061,04,106100,2.55333830449687,562,562,Phoenix,False,High income + Low poverty,False,33.3082424010499,33.3082424010499,76716,76716.0,0.09845830413454801,5708,5708,5803,5803
2594013,0,013,04013106200,1062,Census Tract 1062,04,106200,2.592574342180492,139,139,Phoenix,False,High income + Low poverty,False,33.3082424010499,33.3082424010499,221833,221833.0,0.04125853368952211,3369,3369,3369,3369
2633115,31512,013,04013106300,1063,Census Tract 1063,04,106300,2.663128996524274,433,433,Phoenix,False,High income + Low poverty,False,33.3082424010499,33.3082424010499,105491,105491.0,0.08002217704675661,5411,5411,5501,5501
1169245,9172,013,04013110002,1100.02,Census Tract 1100.02,04,110002,1.1778151624475568,1019,1019,Phoenix,True,Low income + High poverty,True,33.806902767508106,33.806902767508106,65107,65107.0,0.2023029581099861,5037,5037,5037,5037
2573751,16769,013,04013110100,1101,Census Tract 1101,04,110100,2.589167367091904,1845,1845,Phoenix,True,Low income + High poverty,True,33.806902767508106,33.806902767508106,57056,57056.0,0.27036928487690504,6824,6824,6855,6855
2497051,0,013,04013110400,1104,Census Tract 1104,04,110400,2.4956870594467815,828,828,Phoenix,True,Low income + High poverty,True,33.55384219869438,33.55384219869438,62672,62672.0,0.155668358714044,5319,5319,5329,5329
2599369,7245,013,04013110600,1106,Census Tract 1106,04,110600,2.605148983756767,442,442,Phoenix,False,Low income + Low poverty,True,33.55384219869438,33.55384219869438,71450,71450.0,0.09038854805725971,4890,4890,4964,4964
886374,12289,013,04013110701,1107.01,Census Tract 1107.01,04,110701,0.8981542795058265,401,401,Phoenix,True,Low income + High poverty,True,33.55384219869438,33.55384219869438,64962,64962.0,0.17933810375670842,2236,2236,2311,2311
1703281,8860,013,04013110702,1107.02,Census Tract 1107.02,04,110702,1.7111624657090985,539,539,Phoenix,False,Low income + Low poverty,True,33.55384219869438,33.55384219869438,66078,66078.0,0.12485522353486217,4317,4317,4367,4367
1290278,0,013,04013105602,1056.02,Census Tract 1056.02,04,105602,1.2895973388209712,2171,2171,Phoenix,True,Low income + High poverty,True,33.30751880031277,33.30751880031277,49003,49003.0,0.332363747703613,6532,6532,6553,6553
2590519,0,013,04013112100,1121,Census Tract 1121,04,112100,2.5891454345095912,508,508,Phoenix,True,Low income + High poverty,True,33.806902767508106,33.806902767508106,64375,64375.0,0.12959183673469388,3920,3920,3920,3920
2616810,30363,013,04013082002,820.02,Census Tract 820.02,04,082002,2.645981947368619,1158,1158,Phoenix,True,High income + High poverty,False,33.94039544329091,33.94039544329091,80189,80189.0,0.17314593301435408,6688,6688,6737,6737
1288070,0,013,04013115802,1158.02,Census Tract 1158.02,04,115802,1.287357060169896,607,607,Phoenix,True,Low income + High poverty,True,33.60664598643398,33.55384219869438,52546,52546.0,0.17069741282339707,3556,3556,3583,3583
3802548,0,013,04013116712,1167.12,Census Tract 1167.12,04,116712,3.8002969643656788,396,396,Phoenix,False,High income + Low poverty,False,33.807164090384,33.807164090384,84087,84087.0,0.05799648506151142,6828,6828,6922,6922
644173,0,013,04013113502,1135.02,Census Tract 1135.02,04,113502,0.6437983215393192,873,873,Phoenix,True,Low income + High poverty,True,33.55384219869438,33.55384219869438,41313,41313.0,0.3158465991316932,2764,2764,2775,2775
2416247,169147,013,04013116713,1167.13,Census Tract 1167.13,04,116713,2.583886610724496,355,355,Phoenix,False,High income + Low poverty,False,33.705269107226194,33.67979536143674,150739,150739.0,0.061653351858284126,5758,5758,5758,5758
2708606,0,013,04013116714,1167.14,Census Tract 1167.14,04,116714,2.7070485366412176,36,36,Phoenix,False,High income + Low poverty,False,33.67979536143674,33.67979536143674,117019,117019.0,0.01005586592178771,3580,3580,3580,3580
921582,0,013,04013116715,1167.15,Census Tract 1167.15,04,116715,0.9210312950832827,138,138,Phoenix,False,High income + Low poverty,False,33.87067866933084,33.87067866933084,106875,106875.0,0.07854297097324986,1757,1757,1764,1764
1073881,0,013,04013116717,1167.17,Census Tract 1167.17,04,116717,1.0732402976405628,335,335,Phoenix,False,Low income + Low poverty,True,33.87067866933084,33.87067866933084,61893,61893.0,0.0987326849395815,3393,3393,3438,3438
959470,34195,013,04013116718,1167.18,Census Tract 1167.18,04,116718,0.9930754342149364,338,338,Phoenix,False,High income + Low poverty,False,,,75750,75750.0,0.12832194381169323,2634,2634,2634,2634
3376895,0,013,04013116719,1167.19,Census Tract 1167.19,04,116719,3.3748975963089065,357,357,Phoenix,False,High income + Low poverty,False,33.87067866933084,33.87067866933084,109236,109236.0,0.052912405513561585,6747,6747,6749,6749
1770155,0,013,04013116720,1167.20,Census Tract 1167.20,04,116720,1.7691163981304543,580,580,Phoenix,True,High income + High poverty,False,33.809069668901685,33.87067866933084,92863,92863.0,0.14070839398350315,4122,4122,4122,4122
969156,0,013,04013619200,6192,Census Tract 6192,04,619200,0.9686126946247069,1586,1586,Phoenix,True,Low income + High poverty,True,32.705018891501915,32.705018891501915,52708,52708.0,0.2498818339372932,6347,6347,6347,6347
1309953,0,013,04013619300,6193,Census Tract 6193,04,619300,1.3092056907603415,842,842,Phoenix,True,Low income + High poverty,True,,,58487,58487.0,0.18744434550311664,4492,4492,4492,4492
1295293,0,013,04013619400,6194,Census Tract 6194,04,619400,1.2945511625065094,130,130,Phoenix,False,High income + Low poverty,False,32.705018891501915,32.705018891501915,83400,83400.0,0.027938964109176876,4653,4653,4653,4653
2588572,0,013,04013619500,6195,Census Tract 6195,04,619500,2.5870739113106502,563,563,Phoenix,False,High income + Low poverty,False,32.705018891501915,32.705018891501915,79708,79708.0,0.09571574294457667,5882,5882,5882,5882
416981,0,013,04013111203,1112.03,Census Tract 1112.03,04,111203,0.4167317870009184,272,272,Phoenix,False,Low income + Low poverty,True,,,50833,50833.0,0.12477064220183487,2180,2180,2180,2180
6537308,85288,013,04013111204,1112.04,Census Tract 1112.04,04,111204,6.618585930266597,376,376,Phoenix,False,High income + Low poverty,False,33.684223247532515,33.684223247532515,87733,87733.0,0.1038961038961039,3619,3619,3619,3619
2621012,0,013,04013111300,1113,Census Tract 1113,04,111300,2.61945836519515,275,275,Phoenix,False,Low income + Low poverty,True,33.684223247532515,33.684223247532515,75101,75101.0,0.04563557915698639,6026,6026,6026,6026
1316507,0,013,04013111402,1114.02,Census Tract 1114.02,04,111402,1.3157320094698133,843,843,Phoenix,True,Low income + High poverty,True,33.61903272311345,33.61903272311345,62734,62734.0,0.2377997179125529,3545,3545,3545,3545
5398151,0,013,04013611400,6114,Census Tract 6114,04,611400,5.395467090425074,161,161,Phoenix,False,High income + Low poverty,False,32.2870620408866,32.30897859005257,144810,144810.0,0.023613963039014373,6818,6818,6818,6818
12272745,553130,013,04013614300,6143,Census Tract 6143,04,614300,12.819296312042894,73,73,Phoenix,False,High income + Low poverty,False,32.62849711203191,32.62849711203191,152670,152670.0,0.024662162162162164,2960,2960,2960,2960
2401280,0,013,04013614400,6144,Census Tract 6144,04,614400,2.4000222855764823,470,470,Phoenix,False,Low income + Low poverty,True,32.62849711203191,32.62849711203191,59104,59104.0,0.12085368989457444,3889,3889,3889,3889
1286367,0,013,04013082007,820.07,Census Tract 820.07,04,082007,1.2857656737911725,481,481,Phoenix,False,High income + Low poverty,False,33.694000437113615,33.694000437113615,83189,83189.0,0.1190004948045522,4042,4042,4042,4042
1300324,0,013,04013082008,820.08,Census Tract 820.08,04,082008,1.2997097738076118,378,378,Phoenix,False,High income + Low poverty,False,33.694000437113615,33.694000437113615,80250,80250.0,0.07201371689845684,5249,5249,5249,5249
1303676,0,013,04013082009,820.09,Census Tract 820.09,04,082009,1.3030694489222063,575,575,Phoenix,False,Low income + Low poverty,True,34.18679044946821,34.18679044946821,67154,67154.0,0.1189245087900724,4835,4835,4927,4927
1305221,0,013,04013105701,1057.01,Census Tract 1057.01,04,105701,1.3045435929416462,504,504,Phoenix,True,Low income + High poverty,True,33.30751880031277,33.30751880031277,66688,66688.0,0.14412353445810694,3497,3497,3500,3500
2563939,0,013,04013104000,1040,Census Tract 1040,04,104000,2.5625788926714046,2061,2061,Phoenix,True,Low income + High poverty,True,32.62849711203191,32.62849711203191,42662,42662.0,0.2771278741427995,7437,7437,7438,7438
1093756,0,013,04013109604,1096.04,Census Tract 1096.04,04,109604,1.093220726355584,977,977,Phoenix,True,Low income + High poverty,True,33.694000437113615,33.694000437113615,65571,65571.0,0.22705089472461074,4303,4303,4332,4332
2586580,0,013,04013116500,1165,Census Tract 1165,04,116500,2.585148222596234,1133,1133,Phoenix,True,Low income + High poverty,True,33.68585166804336,33.68585166804336,54946,54946.0,0.23569794050343248,4807,4807,4807,4807
1304314,0,013,04013112401,1124.01,Census Tract 1124.01,04,112401,1.303655865831157,528,528,Phoenix,False,Low income + Low poverty,True,,,56846,56846.0,0.08568646543330087,6162,6162,6162,6162
1504393,10484,013,04013108902,1089.02,Census Tract 1089.02,04,108902,1.5140468952765098,1286,1286,Phoenix,True,Low income + High poverty,True,33.3082424010499,33.3082424010499,49615,49615.0,0.248166730991895,5182,5182,5212,5212
2569544,0,013,04013109300,1093,Census Tract 1093,04,109300,2.568221768551466,994,994,Phoenix,True,High income + High poverty,False,33.30751880031277,33.30751880031277,80733,80733.0,0.22626906442066924,4393,4393,4473,4473
2479942,24992,013,04013109500,1095,Census Tract 1095,04,109500,2.503695656517412,489,489,Phoenix,False,High income + Low poverty,False,33.38481512767294,33.30751880031277,81058,81058.0,0.08248987854251012,5928,5928,5950,5950
1231152,0,013,04013109601,1096.01,Census Tract 1096.01,04,109601,1.2305625160129834,1041,1041,Phoenix,True,Low income + High poverty,True,33.694000437113615,33.694000437113615,47483,47483.0,0.2328338179378215,4471,4471,4480,4480
1474284,0,013,04013109602,1096.02,Census Tract 1096.02,04,109602,1.4735640996870545,1191,1191,Phoenix,True,Low income + High poverty,True,33.694000437113615,33.694000437113615,63937,63937.0,0.14880059970014992,8004,8004,8004,8004
1331560,0,013,04013109603,1096.03,Census Tract 1096.03,04,109603,1.3309157104372231,242,242,Phoenix,False,High income + Low poverty,False,33.694000437113615,33.694000437113615,75924,75924.0,0.06217882836587873,3892,3892,3892,3892
1304040,0,013,04013113100,1131,Census Tract 1131,04,113100,1.3033225277662668,1885,1885,Phoenix,True,Low income + High poverty,True,33.55384219869438,33.55384219869438,38623,38623.0,0.37617242067451606,5011,5011,6609,6609
1384436,9061,013,04013110001,1100.01,Census Tract 1100.01,04,110001,1.3927795311047544,809,809,Phoenix,True,Low income + High poverty,True,33.806902767508106,33.806902767508106,72250,72250.0,0.1752979414951246,4615,4615,4619,4619
2335896,0,013,04013103210,1032.10,Census Tract 1032.10,04,103210,2.3345114977286117,491,491,Phoenix,False,High income + Low poverty,False,32.58828848276658,32.58828848276658,76329,76329.0,0.06321617097978628,7767,7767,7951,7951
2713637,0,013,04013103211,1032.11,Census Tract 1032.11,04,103211,2.712023248932179,233,233,Phoenix,False,High income + Low poverty,False,32.58828848276658,32.58828848276658,113295,113295.0,0.04928087986463621,4728,4728,4744,4744
2606845,0,013,04013103212,1032.12,Census Tract 1032.12,04,103212,2.6052766634334286,165,165,Phoenix,False,High income + Low poverty,False,32.58828848276658,32.58828848276658,125129,125129.0,0.0383008356545961,4308,4308,4343,4343
2598233,0,013,04013103214,1032.14,Census Tract 1032.14,04,103214,2.5966569856047266,69,69,Phoenix,False,High income + Low poverty,False,32.58828848276658,32.58828848276658,126000,126000.0,0.018167456556082148,3798,3798,3814,3814
2710637,0,013,04013103215,1032.15,Census Tract 1032.15,04,103215,2.7090281885025997,102,102,Phoenix,False,High income + Low poverty,False,32.58828848276658,32.58828848276658,146154,146154.0,0.03488372093023256,2924,2924,3064,3064
1302034,0,013,04013109802,1098.02,Census Tract 1098.02,04,109802,1.301384221978311,857,857,Phoenix,True,Low income + High poverty,True,33.806902767508106,33.806902767508106,73023,73023.0,0.19824196160074023,4323,4323,4342,4342
2582501,188,013,04013104203,1042.03,Census Tract 1042.03,04,104203,2.581341129059733,459,459,Phoenix,False,High income + Low poverty,False,33.30751880031277,33.30751880031277,86296,86296.0,0.062287963088614465,7369,7369,7374,7374
2588062,0,013,04013115700,1157,Census Tract 1157,04,115700,2.586653368592706,1048,1048,Phoenix,True,High income + High poverty,False,33.619846933368876,33.619846933368876,79757,79757.0,0.13615694426399896,7697,7697,7697,7697
1292929,0,013,04013107202,1072.02,Census Tract 1072.02,04,107202,1.2922440397482333,910,910,Phoenix,True,High income + High poverty,False,33.30751880031277,33.30751880031277,86602,86602.0,0.17836142689141513,5102,5102,5132,5132
1308540,0,013,04013112519,1125.19,Census Tract 1125.19,04,112519,1.3079024806698065,1896,1896,Phoenix,True,Low income + High poverty,True,34.18679044946821,34.18679044946821,47379,47379.0,0.4166117336849044,4551,4551,4611,4611
576659,0,013,04013112521,1125.21,Census Tract 1125.21,04,112521,0.5763740935802194,412,412,Phoenix,False,Low income + Low poverty,True,,,48700,48700.0,0.12665232093452197,3253,3253,3253,3253
3049221,0,013,04013112524,1125.24,Census Tract 1125.24,04,112524,3.0477580625302787,1495,1495,Phoenix,True,Low income + High poverty,True,34.18679044946821,34.18679044946821,46148,46148.0,0.2867280398925969,5214,5214,5214,5214
1300671,0,013,04013109401,1094.01,Census Tract 1094.01,04,109401,1.3000151577998997,761,761,Phoenix,True,Low income + High poverty,True,,,41265,41265.0,0.23604218362282878,3224,3224,3224,3224
2609661,0,013,04013112515,1125.15,Census Tract 1125.15,04,112515,2.608371231022783,546,546,Phoenix,False,Low income + Low poverty,True,33.88288030390012,33.806902767508106,68338,68338.0,0.11458551941238194,4765,4765,4765,4765
2049882,0,013,04013112522,1125.22,Census Tract 1125.22,04,112522,2.0488661347338604,553,553,Phoenix,False,Low income + Low poverty,True,33.88288030390012,33.806902767508106,70191,70191.0,0.08409367396593674,6576,6576,6576,6576
1286557,0,013,04013107002,1070.02,Census Tract 1070.02,04,107002,1.2858830006835746,1314,1314,Phoenix,True,Low income + High poverty,True,33.30751880031277,33.30751880031277,65395,65395.0,0.3486335898116211,3769,3769,3810,3810
1306783,0,013,04013107001,1070.01,Census Tract 1070.01,04,107001,1.3061054115579562,1616,1616,Phoenix,True,Low income + High poverty,True,33.30751880031277,33.30751880031277,54136,54136.0,0.35376532399299476,4568,4568,4754,4754
18064663,47736,013,04013113800,1138,Census Tract 1138,04,113800,18.101764595288536,801,801,Phoenix,True,Low income + High poverty,True,33.61903272311345,33.61903272311345,68227,68227.0,0.3078401229823213,2602,2602,2610,2610
2567737,0,013,04013112523,1125.23,Census Tract 1125.23,04,112523,2.566511645779643,755,755,Phoenix,True,Low income + High poverty,True,34.18679044946821,34.18679044946821,57813,57813.0,0.18010496183206107,4192,4192,4192,4192
1454221,0,013,04013116202,1162.02,Census Tract 1162.02,04,116202,1.4533598098121099,441,441,Phoenix,False,High income + Low poverty,False,,,89825,89825.0,0.0912854481473815,4831,4831,4898,4898
7259540,6817,013,04013115200,1152,Census Tract 1152,04,115200,7.262105431115384,775,775,Phoenix,True,Low income + High poverty,True,33.62404737883799,33.684223247532515,61250,61250.0,0.21861777150916784,3545,3545,3545,3545
4150361,0,013,04013115300,1153,Census Tract 1153,04,115300,4.148014514901481,931,931,Phoenix,True,Low income + High poverty,True,33.55384219869438,33.55384219869438,36106,36106.0,0.37106416899163014,2509,2509,2567,2567
2598847,0,013,04013115500,1155,Census Tract 1155,04,115500,2.5974911449912987,931,931,Phoenix,True,Low income + High poverty,True,33.7492427356863,33.749242735686295,45206,45206.0,0.2518258047065188,3697,3697,3712,3712
2552654,0,013,04013115600,1156,Census Tract 1156,04,115600,2.551281878055877,1010,1010,Phoenix,True,Low income + High poverty,True,33.7492427356863,33.749242735686295,60838,60838.0,0.19661280903250924,5137,5137,5137,5137
2569302,0,013,04013115900,1159,Census Tract 1159,04,115900,2.567857174048384,985,985,Phoenix,True,Low income + High poverty,True,33.619846933368876,33.619846933368876,60324,60324.0,0.16863550761855847,5841,5841,5849,5849
2480173,0,013,04013116000,1160,Census Tract 1160,04,116000,2.4787621794570125,953,953,Phoenix,True,Low income + High poverty,True,33.619846933368876,33.619846933368876,61130,61130.0,0.14766036566470406,6454,6454,6454,6454
2417088,0,013,04013116100,1161,Census Tract 1161,04,116100,2.4156928892922016,1419,1419,Phoenix,True,Low income + High poverty,True,33.619846933368876,33.619846933368876,45588,45588.0,0.3005719127303537,4721,4721,4721,4721
9370856,0,013,04013116619,1166.19,Census Tract 1166.19,04,116619,9.366142727470333,368,368,Phoenix,False,High income + Low poverty,False,33.69158270386449,33.69158270386449,122500,122500.0,0.06600896860986546,5575,5575,5575,5575
2575241,0,013,04013107300,1073,Census Tract 1073,04,107300,2.5738554763995514,1274,1274,Phoenix,True,Low income + High poverty,True,33.30751880031277,33.30751880031277,70274,70274.0,0.1951593137254902,6528,6528,6528,6528
1293228,0,013,04013109703,1097.03,Census Tract 1097.03,04,109703,1.292599498782872,623,623,Phoenix,True,Low income + High poverty,True,34.18679044946821,34.18679044946821,53681,53681.0,0.2069767441860465,3010,3010,3010,3010
5996205,0,013,04013105101,1051.01,Census Tract 1051.01,04,105101,5.992673732357656,98,98,Phoenix,False,High income + Low poverty,False,33.31155903644264,33.3145440082961,181520,181520.0,0.02299389957766307,4262,4262,4279,4279
4041966,10199,013,04013105200,1052,Census Tract 1052,04,105200,4.049882010521559,177,177,Phoenix,False,High income + Low poverty,False,33.3082424010499,33.3082424010499,83476,83476.0,0.030143051771117167,5872,5872,5887,5887
2628235,26003,013,04013105300,1053,Census Tract 1053,04,105300,2.6527649019994928,399,399,Phoenix,False,High income + Low poverty,False,33.3082424010499,33.3082424010499,90054,90054.0,0.08645720476706392,4615,4615,4683,4683
1452097,16185,013,04013108100,1081,Census Tract 1081,04,108100,1.4674085108792212,51,51,Phoenix,False,High income + Low poverty,False,33.3145440082961,33.3145440082961,102278,102278.0,0.023676880222841225,2154,2154,2154,2154
2597094,0,013,04013109200,1092,Census Tract 1092,04,109200,2.595737554272294,685,685,Phoenix,True,Low income + High poverty,True,33.30751880031277,33.30751880031277,44080,44080.0,0.14540437274464021,4711,4711,4711,4711
2493575,96080,013,04013106400,1064,Census Tract 1064,04,106400,2.588180460235146,309,309,Phoenix,False,High income + Low poverty,False,33.3082424010499,33.3082424010499,90146,90146.0,0.09498924070089149,3253,3253,3253,3253
3794205,0,013,04013116729,1167.29,Census Tract 1167.29,04,116729,3.7920269346445252,47,47,Phoenix,False,High income + Low poverty,False,33.68585166804336,33.68585166804336,162552,162552.0,0.012391247034010018,3793,3793,3793,3793
2604856,0,013,04013106900,1069,Census Tract 1069,04,106900,2.6034738923514134,1739,1739,Phoenix,True,Low income + High poverty,True,33.30751880031277,33.30751880031277,59475,59475.0,0.22948007389812616,7578,7578,7578,7578
1264266,0,013,04013112504,1125.04,Census Tract 1125.04,04,112504,1.2636414498934467,681,681,Phoenix,True,Low income + High poverty,True,,,68409,68409.0,0.1836569579288026,3708,3708,3720,3720
2568486,0,013,04013092719,927.19,Census Tract 927.19,04,092719,2.5673246257505973,501,501,Phoenix,False,Low income + Low poverty,True,33.694000437113615,33.694000437113615,75721,75721.0,0.09340044742729306,5364,5364,5391,5391
2865638,0,013,04013103219,1032.19,Census Tract 1032.19,04,103219,2.863873677432666,213,213,Phoenix,False,High income + Low poverty,False,32.58828848276658,32.58828848276658,104868,104868.0,0.055890842298609286,3811,3811,3811,3811
2171942,0,013,04013103220,1032.20,Census Tract 1032.20,04,103220,2.1706047226627576,199,199,Phoenix,False,High income + Low poverty,False,32.58828848276658,32.58828848276658,98611,98611.0,0.07056737588652483,2820,2820,2820,2820
2572816,0,013,04013103701,1037.01,Census Tract 1037.01,04,103701,2.5713546976992725,1248,1248,Phoenix,True,Low income + High poverty,True,32.705018891501915,32.705018891501915,52516,52516.0,0.2531440162271805,4930,4930,4947,4947
4717269,0,013,04013103702,1037.02,Census Tract 1037.02,04,103702,4.714604200317111,290,290,Phoenix,False,High income + Low poverty,False,33.1985653993139,33.3082424010499,88526,88526.0,0.08152937868990723,3557,3557,3557,3557
2713807,14525,013,04013618100,6181,Census Tract 6181,04,618100,2.726931847913981,144,144,Phoenix,False,High income + Low poverty,False,32.62849711203191,32.62849711203191,99583,99583.0,0.031992890468784715,4501,4501,4501,4501
1305205,0,013,04013618200,6182,Census Tract 6182,04,618200,1.3045185901993501,569,569,Phoenix,True,High income + High poverty,False,,,85101,85101.0,0.14253507014028055,3992,3992,3992,3992
1507496,0,013,04013618500,6185,Census Tract 6185,04,618500,1.506692842907603,356,356,Phoenix,False,Low income + Low poverty,True,32.62849711203191,32.62849711203191,54077,54077.0,0.08458066048942742,4209,4209,4210,4210
2295575,0,013,04013618600,6186,Census Tract 6186,04,618600,2.2943314673740183,512,512,Phoenix,False,Low income + Low poverty,True,32.62849711203191,32.62849711203191,62305,62305.0,0.10620203277328355,4821,4821,4879,4879
1258100,0,013,04013618800,6188,Census Tract 6188,04,618800,1.2574114881401122,669,669,Phoenix,False,Low income + Low poverty,True,32.705018891501915,32.705018891501915,48750,48750.0,0.11352452061768199,5893,5893,5919,5919
1289396,0,013,04013619000,6190,Census Tract 6190,04,619000,1.2886715161875433,239,239,Phoenix,False,Low income + Low poverty,True,,,52772,52772.0,0.08587854832914121,2783,2783,2783,2783
10290010,0,013,04013112510,1125.10,Census Tract 1125.10,04,112510,10.285049615373394,594,594,Phoenix,False,High income + Low poverty,False,34.18679044946821,34.18679044946821,90929,90929.0,0.1291304347826087,4600,4600,4600,4600
1100779,0,013,04013617300,6173,Census Tract 6173,04,617300,1.1001282564871049,191,191,Phoenix,False,High income + Low poverty,False,32.58828848276658,32.58828848276658,91875,91875.0,0.06474576271186441,2950,2950,2950,2950
648711,0,013,04013113201,1132.01,Census Tract 1132.01,04,113201,0.6483463885544472,457,457,Phoenix,True,Low income + High poverty,True,33.55384219869438,33.55384219869438,61724,61724.0,0.21699905033238368,2106,2106,2106,2106
1325311,0,013,04013111401,1114.01,Census Tract 1114.01,04,111401,1.3245387082439253,707,707,Phoenix,True,High income + High poverty,False,33.55384219869438,33.55384219869438,81150,81150.0,0.16358167515039335,4322,4322,4322,4322
1268294,0,013,04013112502,1125.02,Census Tract 1125.02,04,112502,1.267669981212597,780,780,Phoenix,True,High income + High poverty,False,33.88288030390012,33.806902767508106,77646,77646.0,0.14212827988338192,5488,5488,5499,5499
2572127,0,013,04013082212,822.12,Census Tract 822.12,04,082212,2.570967391888443,505,505,Phoenix,False,High income + Low poverty,False,34.18679044946821,34.18679044946821,105372,105372.0,0.07417743830787309,6808,6808,6824,6824
1825722,12092,013,04013619602,6196.02,Census Tract 6196.02,04,619602,1.8367401774204457,269,269,Phoenix,True,High income + High poverty,False,32.705018891501915,32.705018891501915,80268,80268.0,0.14509169363538296,1854,1854,1901,1901
753064,0,013,04013619601,6196.01,Census Tract 6196.01,04,619601,0.75262254889764,0,0,Phoenix,False,Missing,False,32.58828848276658,32.58828848276658,-666666666,,,0,0,0,0
1256090,0,013,04013113701,1137.01,Census Tract 1137.01,04,113701,1.2553448369829046,2322,2322,Phoenix,True,Low income + High poverty,True,,,50372,50372.0,0.38153138350312193,6086,6086,6136,6136
323855,0,013,04013107402,1074.02,Census Tract 1074.02,04,107402,0.32367911063169286,317,317,Phoenix,True,Low income + High poverty,True,,,38125,38125.0,0.22971014492753622,1380,1380,1380,1380
3066987,0,013,04013617002,6170.02,Census Tract 6170.02,04,617002,3.065212655502782,902,902,Phoenix,True,Low income + High poverty,True,32.705018891501915,32.705018891501915,75738,75738.0,0.14645234616009092,6159,6159,6159,6159
2569082,0,013,04013082213,822.13,Census Tract 822.13,04,082213,2.5679202787067132,342,342,Phoenix,False,High income + Low poverty,False,34.18679044946821,34.18679044946821,108438,108438.0,0.05027932960893855,6802,6802,6818,6818
1306624,0,013,04013107401,1074.01,Census Tract 1074.01,04,107401,1.3059071020937179,141,141,Phoenix,False,High income + Low poverty,False,33.3082424010499,33.3082424010499,95521,95521.0,0.056377449020391844,2501,2501,2501,2501
1296138,0,013,04013114704,1147.04,Census Tract 1147.04,04,114704,1.295450937272129,536,536,Phoenix,True,Low income + High poverty,True,33.806902767508106,33.806902767508106,34034,34034.0,0.3494132985658409,1534,1534,2019,2019
1297112,0,013,04013114705,1147.05,Census Tract 1147.05,04,114705,1.296425008417532,0,0,Phoenix,False,Missing,False,,,-666666666,,,0,0,3783,3783
321048,0,013,04013107403,1074.03,Census Tract 1074.03,04,107403,0.32087363074686365,958,958,Phoenix,True,Low income + High poverty,True,,,51466,51466.0,0.4094017094017094,2340,2340,2340,2340
634076,0,013,04013107404,1074.04,Census Tract 1074.04,04,107404,0.6337310067788536,532,532,Phoenix,True,Low income + High poverty,True,33.3082424010499,33.3082424010499,27604,27604.0,0.35994587280108253,1478,1478,1478,1478
21261171,198400,013,04013615201,6152.01,Census Tract 6152.01,04,615201,21.446466566272548,1040,1040,Phoenix,True,High income + High poverty,False,32.58828848276658,32.58828848276658,88979,88979.0,0.1550849985087981,6706,6706,6758,6758
5378955,0,013,04013615202,6152.02,Census Tract 6152.02,04,615202,5.3757167301412006,285,285,Phoenix,False,High income + Low poverty,False,32.58828848276658,32.58828848276658,110660,110660.0,0.07000736919675755,4071,4071,4071,4071
2036982,0,013,04013614602,6146.02,Census Tract 6146.02,04,614602,2.035894929102033,396,396,Phoenix,False,Low income + Low poverty,True,32.62849711203191,32.62849711203191,74011,74011.0,0.1045958795562599,3786,3786,3786,3786
19601324,150183,013,04013612301,6123.01,Census Tract 6123.01,04,612301,19.740597044227844,310,310,Phoenix,False,High income + Low poverty,False,32.33101051443372,32.31501968078751,89829,89829.0,0.06648080634784473,4663,4663,4784,4784
665152,0,013,04013109707,1097.07,Census Tract 1097.07,04,109707,0.6648269586696,1682,1682,Phoenix,True,Low income + High poverty,True,34.18679044946821,34.18679044946821,46798,46798.0,0.3480240016552866,4833,4833,4833,4833
52403648,21369,013,04013612402,6124.02,Census Tract 6124.02,04,612402,52.39481617297332,227,227,Phoenix,False,High income + Low poverty,False,32.25480897526355,32.31501968078751,147908,147908.0,0.045738464638323595,4963,4963,4979,4979
1326622,0,013,04013109402,1094.02,Census Tract 1094.02,04,109402,1.3259514180848013,745,745,Phoenix,True,High income + High poverty,False,33.30751880031277,33.30751880031277,76141,76141.0,0.15942649261716244,4673,4673,4721,4721
8724848,30574,013,04013615002,6150.02,Census Tract 6150.02,04,615002,8.750264037291899,115,115,Phoenix,False,High income + Low poverty,False,32.63692615307296,32.58828848276658,143170,143170.0,0.024033437826541274,4785,4785,4841,4841
6166007,0,013,04013615001,6150.01,Census Tract 6150.01,04,615001,6.162403506665203,179,179,Phoenix,False,High income + Low poverty,False,32.663329459810726,32.705018891501915,204453,204453.0,0.024713516498688387,7243,7243,7246,7246
1022408,0,013,04013617001,6170.01,Census Tract 6170.01,04,617001,1.0218147092216647,0,0,Phoenix,False,Missing,False,,,-666666666,,,0,0,0,0
1345372,0,013,04013614601,6146.01,Census Tract 6146.01,04,614601,1.3446622742717185,279,279,Phoenix,False,Low income + Low poverty,True,32.62849711203191,32.62849711203191,66000,66000.0,0.08664596273291926,3220,3220,3220,3220
3662823,0,013,04013612302,6123.02,Census Tract 6123.02,04,612302,3.6608551526280744,419,419,Phoenix,False,High income + Low poverty,False,32.30897859005257,32.30897859005257,146728,146728.0,0.086302780638517,4855,4855,4900,4900
3461648,0,013,04013612401,6124.01,Census Tract 6124.01,04,612401,3.4596676057731264,289,289,Phoenix,False,High income + Low poverty,False,32.649304718542716,32.705018891501915,118125,118125.0,0.06887511916110582,4196,4196,4196,4196
2632211,0,013,04013112700,1127,Census Tract 1127,04,112700,2.630811705496462,1926,1926,Phoenix,True,Low income + High poverty,True,33.806902767508106,33.806902767508106,54845,54845.0,0.2550655542312277,7551,7551,7563,7563
921944,0,013,04013116734,1167.34,Census Tract 1167.34,04,116734,0.9214327231724894,332,332,Phoenix,True,High income + High poverty,False,33.68585166804336,33.68585166804336,107984,107984.0,0.22311827956989247,1488,1488,1488,1488
1288087,0,013,04013112520,1125.20,Census Tract 1125.20,04,112520,1.2874583905852341,1073,1073,Phoenix,True,High income + High poverty,False,,,80515,80515.0,0.24303510758776897,4415,4415,4415,4415
1246200,0,013,04013112507,1125.07,Census Tract 1125.07,04,112507,1.2455662314458484,744,744,Phoenix,True,Low income + High poverty,True,,,42097,42097.0,0.25186188219363576,2954,2954,2954,2954
1945055,0,013,04013112508,1125.08,Census Tract 1125.08,04,112508,1.944108769470336,335,335,Phoenix,True,Low income + High poverty,True,34.18679044946821,34.18679044946821,70469,70469.0,0.13070620366757707,2563,2563,2563,2563
721054,0,013,04013112601,1126.01,Census Tract 1126.01,04,112601,0.7206776696097495,1414,1414,Phoenix,True,Low income + High poverty,True,,,30735,30735.0,0.4344086021505376,3255,3255,3286,3286
1880501,0,013,04013112602,1126.02,Census Tract 1126.02,04,112602,1.8795203201517041,3387,3387,Phoenix,True,Low income + High poverty,True,33.806902767508106,33.806902767508106,47188,47188.0,0.40182702574445367,8429,8429,8475,8475
627685,0,013,04013109706,1097.06,Census Tract 1097.06,04,109706,0.627377543515203,783,783,Phoenix,True,Low income + High poverty,True,34.18679044946821,34.18679044946821,60071,60071.0,0.2355595667870036,3324,3324,3324,3324
1239025,92,013,04013113702,1137.02,Census Tract 1137.02,04,113702,1.23838340647125,786,786,Phoenix,True,Low income + High poverty,True,33.684223247532515,33.684223247532515,62557,62557.0,0.33108677337826453,2374,2374,2389,2389
643550,0,013,04013981000,9810,Census Tract 9810,04,981000,0.6431788576049975,2,2,Phoenix,True,Missing,False,33.55384219869438,33.55384219869438,-666666666,,1.0,2,2,696,696
1327094,0,013,04013116736,1167.36,Census Tract 1167.36,04,116736,1.3263608857997313,714,714,Phoenix,True,Low income + High poverty,True,,,60528,60528.0,0.21868300153139356,3265,3265,3387,3387
5158649,0,013,04013112516,1125.16,Census Tract 1125.16,04,112516,5.156076183365177,456,456,Phoenix,False,Low income + Low poverty,True,33.84143801132266,33.806902767508106,61401,61401.0,0.10192221725525256,4474,4474,4476,4476
2567993,0,013,04013112517,1125.17,Census Tract 1125.17,04,112517,2.5667464201679633,891,891,Phoenix,True,High income + High poverty,False,34.18679044946821,34.18679044946821,80568,80568.0,0.1745005875440658,5106,5106,5106,5106
2593101,0,013,04013116616,1166.16,Census Tract 1166.16,04,116616,2.591707515869107,501,501,Phoenix,False,High income + Low poverty,False,33.69158270386449,33.69158270386449,89884,89884.0,0.09817754262198707,5103,5103,5103,5103
5310029,0,013,04013116738,1167.38,Census Tract 1167.38,04,116738,5.3069192397800995,181,181,Phoenix,False,High income + Low poverty,False,33.73865938269693,33.68585166804336,106586,106586.0,0.027474195506982393,6588,6588,6603,6603
5126765,0,013,04013116617,1166.17,Census Tract 1166.17,04,116617,5.123995795316133,352,352,Phoenix,False,Low income + Low poverty,True,33.69014994490921,33.69158270386449,71736,71736.0,0.09557426011403747,3683,3683,3685,3685
1293966,0,013,04013116735,1167.35,Census Tract 1167.35,04,116735,1.2932509398182597,580,580,Phoenix,True,Low income + High poverty,True,33.68585166804336,33.68585166804336,56392,56392.0,0.19410977242302543,2988,2988,2988,2988
3163210,0,013,04013116737,1167.37,Census Tract 1167.37,04,116737,3.1614091945471623,221,221,Phoenix,False,High income + Low poverty,False,33.68585166804336,33.68585166804336,124330,124330.0,0.06294502990600968,3511,3511,3540,3540
1285273,0,013,04013116615,1166.15,Census Tract 1166.15,04,116615,1.28456661360038,1121,1121,Phoenix,True,Low income + High poverty,True,,,54309,54309.0,0.2805305305305305,3996,3996,4005,4005
1294040,0,013,04013116614,1166.14,Census Tract 1166.14,04,116614,1.2933345996572818,410,410,Phoenix,False,Low income + Low poverty,True,33.68585166804336,33.68585166804336,59829,59829.0,0.11417432470064048,3591,3591,3619,3619
223767913,3549994,013,04013610002,6100.02,Census Tract 6100.02,04,610002,227.2043715019183,427,427,Phoenix,False,High income + Low poverty,False,32.160281822652166,32.424856621511154,127105,127105.0,0.07631814119749776,5595,5595,6753,6753
2504634,84479,013,04013115400,1154,Census Tract 1154,04,115400,2.587675543583738,603,603,Phoenix,True,Low income + High poverty,True,33.55384219869438,33.55384219869438,45000,45000.0,0.35345838218053927,1706,1706,1706,1706
2578360,0,013,04013104202,1042.02,Census Tract 1042.02,04,104202,2.5770081635380784,335,335,Phoenix,False,High income + Low poverty,False,32.62849711203191,32.62849711203191,101731,101731.0,0.06718812675491376,4986,4986,4995,4995
1285101,0,013,04013112302,1123.02,Census Tract 1123.02,04,112302,1.2844426820404324,1992,1992,Phoenix,True,Low income + High poverty,True,,,60224,60224.0,0.2901675163874727,6865,6865,6865,6865
2462945,0,013,04013103608,1036.08,Census Tract 1036.08,04,103608,2.46161412710385,231,231,Phoenix,False,High income + Low poverty,False,32.62849711203191,32.62849711203191,79427,79427.0,0.05347222222222222,4320,4320,4338,4338
1252311,0,013,04013107101,1071.01,Census Tract 1071.01,04,107101,1.251655994513143,1157,1157,Phoenix,True,High income + High poverty,False,33.30751880031277,33.30751880031277,90117,90117.0,0.23416312487350738,4941,4941,4950,4950
2558853,0,013,04013104226,1042.26,Census Tract 1042.26,04,104226,2.557514203193795,871,871,Phoenix,True,Low income + High poverty,True,32.62849711203191,32.62849711203191,62879,62879.0,0.19295525033229952,4514,4514,4516,4516
1327769,0,013,04013114301,1143.01,Census Tract 1143.01,04,114301,1.3270444518124058,374,374,Phoenix,True,Low income + High poverty,True,,,50457,50457.0,0.41787709497206704,895,895,911,911
2649677,0,013,04013104207,1042.07,Census Tract 1042.07,04,104207,2.6482704290290635,267,267,Phoenix,False,High income + Low poverty,False,32.62849711203191,32.62849711203191,79947,79947.0,0.060654248069059516,4402,4402,4402,4402
2293572,6787,013,04013612700,6127,Census Tract 6127,04,612700,2.2989852600760385,112,112,Phoenix,False,High income + Low poverty,False,31.306490363261293,31.306490363261293,124423,124423.0,0.05090909090909091,2200,2200,2223,2223
1295691,0,013,04013108501,1085.01,Census Tract 1085.01,04,108501,1.294950441432021,176,176,Phoenix,False,Low income + Low poverty,True,33.3082424010499,33.3082424010499,72750,72750.0,0.06463459419757621,2723,2723,2723,2723
2601457,0,013,04013112900,1129,Census Tract 1129,04,112900,2.600033440735773,942,942,Phoenix,True,Low income + High poverty,True,33.55384219869438,33.55384219869438,58250,58250.0,0.21022093282749385,4481,4481,4517,4517
1274354,0,013,04013113000,1130,Census Tract 1130,04,113000,1.273642704217292,654,654,Phoenix,True,High income + High poverty,False,,,88765,88765.0,0.1537015276145711,4255,4255,4262,4262
674857,0,013,04013113202,1132.02,Census Tract 1132.02,04,113202,0.6744789385871064,784,784,Phoenix,True,Low income + High poverty,True,33.55384219869438,33.55384219869438,50857,50857.0,0.37565884044082415,2087,2087,2087,2087
1638754,16756,013,04013113601,1136.01,Census Tract 1136.01,04,113601,1.6545422475568974,975,975,Phoenix,True,Low income + High poverty,True,33.61903272311345,33.61903272311345,55592,55592.0,0.22679692951849267,4299,4299,4299,4299
7546450,0,013,04013611700,6117,Census Tract 6117,04,611700,7.542628933575189,174,174,Phoenix,False,High income + Low poverty,False,32.30897859005257,32.30897859005257,127235,127235.0,0.027773343974461292,6265,6265,6290,6290
2577142,0,013,04013611800,6118,Census Tract 6118,04,611800,2.5757971650555644,143,143,Phoenix,False,High income + Low poverty,False,32.30897859005257,32.30897859005257,115171,115171.0,0.02026356808842284,7057,7057,7057,7057
1327095,0,013,04013612600,6126,Census Tract 6126,04,612600,1.3263079134091547,39,39,Phoenix,False,High income + Low poverty,False,31.306490363261293,31.306490363261293,91047,91047.0,0.01813110181311018,2151,2151,2151,2151
37833440,10908,013,04013613300,6133,Census Tract 6133,04,613300,37.82160890524344,330,330,Phoenix,False,High income + Low poverty,False,31.452301830855447,31.306490363261293,132025,132025.0,0.04539826661163846,7269,7269,7284,7284
942646,0,013,04013106002,1060.02,Census Tract 1060.02,04,106002,0.9421384591862179,612,612,Phoenix,True,Low income + High poverty,True,,,45822,45822.0,0.2188058634250983,2797,2797,2864,2864
941132,0,013,04013106003,1060.03,Census Tract 1060.03,04,106003,0.940626106892391,805,805,Phoenix,True,Low income + High poverty,True,33.30751880031277,33.30751880031277,67716,67716.0,0.21217712177121772,3794,3794,3856,3856
1309433,0,013,04013106502,1065.02,Census Tract 1065.02,04,106502,1.3086966825670923,240,240,Phoenix,False,High income + Low poverty,False,33.3082424010499,33.3082424010499,76434,76434.0,0.06193548387096774,3875,3875,3875,3875
633661,0,013,04013106701,1067.01,Census Tract 1067.01,04,106701,0.633313294609895,1153,1153,Phoenix,True,Low income + High poverty,True,33.3082424010499,33.3082424010499,42109,42109.0,0.2667746413697362,4322,4322,4322,4322
1288397,6635,013,04013106703,1067.03,Census Tract 1067.03,04,106703,1.2943251335854,259,259,Phoenix,False,High income + Low poverty,False,,,101165,101165.0,0.10698058653448989,2421,2421,2432,2432
1879037,0,013,04013106802,1068.02,Census Tract 1068.02,04,106802,1.87802566200386,666,666,Phoenix,True,Low income + High poverty,True,33.30751880031277,33.30751880031277,64931,64931.0,0.19337979094076654,3444,3444,3486,3486
1310496,0,013,04013107601,1076.01,Census Tract 1076.01,04,107601,1.309759931213144,224,224,Phoenix,False,Low income + Low poverty,True,33.3082424010499,33.3082424010499,53210,53210.0,0.07066246056782334,3170,3170,3177,3177
1304618,0,013,04013107602,1076.02,Census Tract 1076.02,04,107602,1.3038791565276568,143,143,Phoenix,False,High income + Low poverty,False,33.3082424010499,33.3082424010499,115694,115694.0,0.050512186506534794,2831,2831,2831,2831
2313942,27638,013,04013108301,1083.01,Census Tract 1083.01,04,108301,2.340208319234146,208,208,Phoenix,False,High income + Low poverty,False,33.30950272249914,33.3082424010499,125792,125792.0,0.05395590142671855,3855,3855,3855,3855
19186535,821685,013,04013112514,1125.14,Census Tract 1125.14,04,112514,19.99797220684411,448,448,Phoenix,False,High income + Low poverty,False,33.778616714161565,33.806902767508106,95929,95929.0,0.093255620316403,4804,4804,4804,4804
1486554,24980,013,04013104204,1042.04,Census Tract 1042.04,04,104204,1.510755680910705,520,520,Phoenix,True,High income + High poverty,False,33.30751880031277,33.30751880031277,94075,94075.0,0.17526120660599934,2967,2967,3053,3053
3388348,107657,013,04013104205,1042.05,Census Tract 1042.05,04,104205,3.4941538814683737,1188,1188,Phoenix,True,Low income + High poverty,True,33.30751880031277,33.30751880031277,52153,52153.0,0.17262423714036618,6882,6882,6919,6919
1642458,10858,013,04013104206,1042.06,Census Tract 1042.06,04,104206,1.6524535247006864,642,642,Phoenix,True,Low income + High poverty,True,33.30751880031277,33.30751880031277,75573,75573.0,0.16220313289540172,3958,3958,3987,3987
2581209,0,013,04013104212,1042.12,Census Tract 1042.12,04,104212,2.5798616292140792,688,688,Phoenix,False,High income + Low poverty,False,32.62849711203191,32.62849711203191,83278,83278.0,0.10827824992130941,6354,6354,6424,6424
5255789,4009,013,04013103611,1036.11,Census Tract 1036.11,04,103611,5.256831262994835,190,190,Phoenix,False,High income + Low poverty,False,32.705018891501915,32.705018891501915,122167,122167.0,0.03793929712460064,5008,5008,5034,5034
2007822,0,013,04013103612,1036.12,Census Tract 1036.12,04,103612,2.006708879438984,210,210,Phoenix,False,Low income + Low poverty,True,32.705018891501915,32.705018891501915,54345,54345.0,0.037300177619893425,5630,5630,5643,5643
2071503,0,013,04013103614,1036.14,Census Tract 1036.14,04,103614,2.070364599246754,320,320,Phoenix,False,High income + Low poverty,False,32.705018891501915,32.705018891501915,100688,100688.0,0.10568031704095113,3028,3028,3032,3032
7191925,0,013,04013103615,1036.15,Census Tract 1036.15,04,103615,7.187960811045642,1861,1861,Phoenix,True,Low income + High poverty,True,33.3082424010499,33.3082424010499,45363,45363.0,0.35153003400075555,5294,5294,5530,5530
2522038,474,013,04013103900,1039,Census Tract 1039,04,103900,2.5211482137130576,931,931,Phoenix,True,Low income + High poverty,True,32.62849711203191,32.62849711203191,70917,70917.0,0.14290099769762088,6515,6515,6528,6528
2493420,2061,013,04013103609,1036.09,Census Tract 1036.09,04,103609,2.4941348566239245,1273,1273,Phoenix,True,Low income + High poverty,True,32.62849711203191,32.62849711203191,51764,51764.0,0.20739654610622352,6138,6138,6183,6183
2564331,0,013,04013104100,1041,Census Tract 1041,04,104100,2.562965122445188,1068,1068,Phoenix,True,Low income + High poverty,True,32.62849711203191,32.62849711203191,69005,69005.0,0.14378029079159935,7428,7428,7448,7448
4498225,0,013,04013103502,1035.02,Census Tract 1035.02,04,103502,4.495628015552636,634,634,Phoenix,False,High income + Low poverty,False,32.705018891501915,32.705018891501915,92398,92398.0,0.10354401437203985,6123,6123,6213,6213
3093946,9689,013,04013103604,1036.04,Census Tract 1036.04,04,103604,3.1019275002716946,502,502,Phoenix,False,High income + Low poverty,False,32.705018891501915,32.705018891501915,82750,82750.0,0.11845210004719207,4238,4238,4238,4238
1965890,0,013,04013103501,1035.01,Census Tract 1035.01,04,103501,1.9647504234907682,411,411,Phoenix,True,High income + High poverty,False,32.705018891501915,32.705018891501915,80964,80964.0,0.13519736842105262,3040,3040,3085,3085
6102701,7131,013,04013103605,1036.05,Census Tract 1036.05,04,103605,6.106461773713124,252,252,Phoenix,False,High income + Low poverty,False,32.705018891501915,32.705018891501915,138387,138387.0,0.041749502982107355,6036,6036,6041,6041
6822798,0,013,04013612500,6125,Census Tract 6125,04,612500,6.81872819179883,203,203,Phoenix,False,High income + Low poverty,False,31.306490363261293,31.306490363261293,124009,124009.0,0.04696899583526145,4322,4322,4322,4322
1488788,0,013,04013618400,6184,Census Tract 6184,04,618400,1.487995837575726,1161,1161,Phoenix,True,Low income + High poverty,True,,,58309,58309.0,0.28673746604099776,4049,4049,4049,4049
2571785,91,013,04013618900,6189,Census Tract 6189,04,618900,2.57044874370925,1217,1217,Phoenix,True,Low income + High poverty,True,32.705018891501915,32.705018891501915,67476,67476.0,0.1662568306010929,7320,7320,7323,7323
2409853,0,013,04013103606,1036.06,Census Tract 1036.06,04,103606,2.408480411938309,282,282,Phoenix,False,High income + Low poverty,False,32.705018891501915,32.705018891501915,85893,85893.0,0.058180317722302456,4847,4847,4852,4852
2463698,0,013,04013103607,1036.07,Census Tract 1036.07,04,103607,2.4622891502133486,402,402,Phoenix,False,High income + Low poverty,False,32.705018891501915,32.705018891501915,120150,120150.0,0.09672762271414823,4156,4156,4233,4233
2295747,0,013,04013116721,1167.21,Census Tract 1167.21,04,116721,2.2944130435845365,42,42,Phoenix,False,High income + Low poverty,False,33.70638800151975,33.68585166804336,107969,107969.0,0.011827654181920586,3551,3551,3557,3557
4158267,0,013,04013116725,1167.25,Census Tract 1167.25,04,116725,4.1559194470627085,329,329,Phoenix,False,High income + Low poverty,False,33.67979536143674,33.67979536143674,115365,115365.0,0.06581316263252651,4999,4999,4999,4999
4559814,0,013,04013116727,1167.27,Census Tract 1167.27,04,116727,4.557290536223827,168,168,Phoenix,False,High income + Low poverty,False,33.68161225341873,33.67979536143674,155208,155208.0,0.044002095337873234,3818,3818,3818,3818
6256916,7129,013,04013116728,1167.28,Census Tract 1167.28,04,116728,6.260544541455594,91,91,Phoenix,False,High income + Low poverty,False,33.68585166804336,33.68585166804336,190891,190891.0,0.01695230998509687,5368,5368,5392,5392
2537641,0,013,04013616600,6166,Census Tract 6166,04,616600,2.536250001957891,920,920,Phoenix,True,High income + High poverty,False,32.705018891501915,32.705018891501915,80830,80830.0,0.1549604177193869,5937,5937,6000,6000
2617903,3388,013,04013104600,1046,Census Tract 1046,04,104600,2.6198386980569084,786,786,Phoenix,True,Low income + High poverty,True,33.3082424010499,33.3082424010499,56610,56610.0,0.20738786279683377,3790,3790,4009,4009
9542950,17733,013,04013082204,822.04,Census Tract 822.04,04,082204,9.556282260462757,633,633,Phoenix,False,High income + Low poverty,False,34.12150587400485,34.18679044946821,97719,97719.0,0.08197358197358197,7722,7722,7727,7727
3039176,2496,013,04013616400,6164,Census Tract 6164,04,616400,3.040055701398721,632,632,Phoenix,False,Low income + Low poverty,True,32.62849711203191,32.62849711203191,67371,67371.0,0.09549712904200665,6618,6618,6618,6618
2598634,0,013,04013103216,1032.16,Census Tract 1032.16,04,103216,2.597069938436451,268,268,Phoenix,False,High income + Low poverty,False,32.58828848276658,32.58828848276658,116761,116761.0,0.048270893371757925,5552,5552,5584,5584
2589034,0,013,04013103217,1032.17,Census Tract 1032.17,04,103217,2.587457692831926,511,511,Phoenix,False,High income + Low poverty,False,32.58828848276658,32.58828848276658,108310,108310.0,0.09328221978824389,5478,5478,5629,5629
2475486,0,013,04013616700,6167,Census Tract 6167,04,616700,2.474115822610677,269,269,Phoenix,False,High income + Low poverty,False,32.705018891501915,32.705018891501915,87889,87889.0,0.05589029711198836,4813,4813,4956,4956
2469400,0,013,04013616800,6168,Census Tract 6168,04,616800,2.4680081255016653,667,667,Phoenix,False,High income + Low poverty,False,32.705018891501915,32.705018891501915,95022,95022.0,0.10711418018307371,6227,6227,6227,6227
2254775,0,013,04013615100,6151,Census Tract 6151,04,615100,2.2534276301682388,66,66,Phoenix,False,High income + Low poverty,False,32.58828848276658,32.58828848276658,163750,163750.0,0.014069494777232999,4691,4691,4691,4691
1390907,0,013,04013616100,6161,Census Tract 6161,04,616100,1.3901913198035136,611,611,Phoenix,True,Low income + High poverty,True,32.62849711203191,32.62849711203191,72833,72833.0,0.15523373983739838,3936,3936,3936,3936
2753692,0,013,04013616900,6169,Census Tract 6169,04,616900,2.752118823655886,320,320,Phoenix,False,High income + Low poverty,False,32.705018891501915,32.705018891501915,94375,94375.0,0.0675818373812038,4735,4735,4735,4735
1024534,0,013,04013617200,6172,Census Tract 6172,04,617200,1.0239354323265277,23,23,Phoenix,False,High income + Low poverty,False,32.705018891501915,32.705018891501915,134219,134219.0,0.008715422508525956,2639,2639,2639,2639
639839,0,013,04013105502,1055.02,Census Tract 1055.02,04,105502,0.6394941700089645,450,450,Phoenix,True,Low income + High poverty,True,,,51820,51820.0,0.24141630901287553,1864,1864,1867,1867
1288060,0,013,04013105501,1055.01,Census Tract 1055.01,04,105501,1.2873681846147442,416,416,Phoenix,True,Low income + High poverty,True,33.30751880031277,33.30751880031277,60694,60694.0,0.17938766709788703,2319,2319,2319,2319
649371,0,013,04013106702,1067.02,Census Tract 1067.02,04,106702,0.6490134720884438,206,206,Phoenix,True,Low income + High poverty,True,33.3082424010499,33.3082424010499,72212,72212.0,0.15570672713529857,1323,1323,1323,1323
1654286,0,013,04013113204,1132.04,Census Tract 1132.04,04,113204,1.653353579650789,441,441,Phoenix,True,Low income + High poverty,True,,,61111,61111.0,0.18506084767100295,2383,2383,2383,2383
2499626,0,013,04013103302,1033.02,Census Tract 1033.02,04,103302,2.4981575237230316,331,331,Phoenix,False,High income + Low poverty,False,32.68167280975485,32.705018891501915,80593,80593.0,0.05491041804910418,6028,6028,6028,6028
2550450,0,013,04013103303,1033.03,Census Tract 1033.03,04,103303,2.5489564897436514,340,340,Phoenix,False,High income + Low poverty,False,32.68167280975485,32.705018891501915,96859,96859.0,0.08824292758889177,3853,3853,3923,3923
954815,0,013,04013103304,1033.04,Census Tract 1033.04,04,103304,0.9542584037973493,1175,1175,Phoenix,True,Low income + High poverty,True,32.705018891501915,32.705018891501915,46937,46937.0,0.2666817975487971,4406,4406,4406,4406
810660,0,013,04013103305,1033.05,Census Tract 1033.05,04,103305,0.8101958015803895,1040,1040,Phoenix,True,Low income + High poverty,True,,,47155,47155.0,0.2813091695969705,3697,3697,3732,3732
767902,0,013,04013103306,1033.06,Census Tract 1033.06,04,103306,0.7674591080949976,1331,1331,Phoenix,True,Low income + High poverty,True,32.705018891501915,32.705018891501915,42817,42817.0,0.32337220602526723,4116,4116,4194,4194
2718519,4799,013,04013103400,1034,Census Tract 1034,04,103400,2.7217284073651205,229,229,Phoenix,False,Low income + Low poverty,True,32.68167280975485,32.705018891501915,61944,61944.0,0.05407319952774498,4235,4235,4237,4237
2597616,0,013,04013108400,1084,Census Tract 1084,04,108400,2.5961180468211253,814,814,Phoenix,True,High income + High poverty,False,33.3082424010499,33.3082424010499,86465,86465.0,0.14193548387096774,5735,5735,5776,5776
817589,8984,013,04013108601,1086.01,Census Tract 1086.01,04,108601,0.8261074229502805,652,652,Phoenix,True,Low income + High poverty,True,,,59135,59135.0,0.2656886715566422,2454,2454,2454,2454
1770567,9625,013,04013108602,1086.02,Census Tract 1086.02,04,108602,1.7791898585218409,732,732,Phoenix,False,Low income + Low poverty,True,33.3082424010499,33.3082424010499,58013,58013.0,0.11745827984595636,6232,6232,6344,6344
1027484,9881,013,04013108802,1088.02,Census Tract 1088.02,04,108802,1.0367877170172637,156,156,Phoenix,False,Low income + Low poverty,True,33.3082424010499,33.3082424010499,70066,70066.0,0.07225567392311255,2159,2159,2203,2203
1036962,10453,013,04013108901,1089.01,Census Tract 1089.01,04,108901,1.0468384537276496,393,393,Phoenix,True,Low income + High poverty,True,,,69583,69583.0,0.15956151035322777,2463,2463,2518,2518
3392505,0,013,04013116621,1166.21,Census Tract 1166.21,04,116621,3.390797708894862,684,684,Phoenix,False,High income + Low poverty,False,33.69158270386449,33.69158270386449,125350,125350.0,0.11140065146579804,6140,6140,6217,6217
5690288,0,013,04013116620,1166.20,Census Tract 1166.20,04,116620,5.687516193701491,766,766,Phoenix,False,High income + Low poverty,False,33.87764159034066,33.94741367276922,102135,102135.0,0.0907798056411472,8438,8438,8440,8440
5344444,0,013,04013116618,1166.18,Census Tract 1166.18,04,116618,5.341813907827525,370,370,Phoenix,False,High income + Low poverty,False,33.793915091426385,33.69158270386449,103511,103511.0,0.06464011180992313,5724,5724,5724,5724
1902700,0,013,04013113301,1133.01,Census Tract 1133.01,04,113301,1.9016174585006207,1464,1464,Phoenix,True,Low income + High poverty,True,33.55384219869438,33.55384219869438,25296,25296.0,0.5044796691936595,2902,2902,3055,3055
1578502,4098,013,04013113503,1135.03,Census Tract 1135.03,04,113503,1.5816904860138286,780,780,Phoenix,True,Low income + High poverty,True,,,64527,64527.0,0.17484868863483524,4461,4461,4501,4501
5183267,0,013,04013116800,1168,Census Tract 1168,04,116800,5.180480262867763,878,878,Phoenix,True,Low income + High poverty,True,33.806902767508106,33.806902767508106,54141,54141.0,0.3588067020841847,2447,2447,2447,2447
3171282,20005,013,04013116900,1169,Census Tract 1169,04,116900,3.1895936699153364,622,622,Phoenix,True,Low income + High poverty,True,33.806902767508106,33.806902767508106,56250,56250.0,0.24731610337972168,2515,2515,2763,2763
5574554,0,013,04013611500,6115,Census Tract 6115,04,611500,5.571724940659333,111,111,Phoenix,False,High income + Low poverty,False,32.30897859005257,32.30897859005257,177880,177880.0,0.014079147640791476,7884,7884,7884,7884
4477147,0,013,04013611600,6116,Census Tract 6116,04,611600,4.474822885304317,41,41,Phoenix,False,High income + Low poverty,False,32.30897859005257,32.30897859005257,171985,171985.0,0.013247172859450727,3095,3095,3100,3100
10551570,0,013,04013611900,6119,Census Tract 6119,04,611900,10.545998105902946,50,50,Phoenix,False,High income + Low poverty,False,32.30897859005257,32.30897859005257,138092,138092.0,0.016134236850596968,3099,3099,3423,3423
14701299,4282,013,04013612000,6120,Census Tract 6120,04,612000,14.697458708244419,57,57,Phoenix,False,High income + Low poverty,False,32.31415666782537,32.31501968078751,138950,138950.0,0.013121546961325966,4344,4344,4344,4344
22974690,2618,013,04013612200,6122,Census Tract 6122,04,612200,22.96460509513712,236,236,Phoenix,False,High income + Low poverty,False,32.314277792451634,32.31501968078751,121277,121277.0,0.03097519359495997,7619,7619,7629,7629
