city,score,path,rows,crs,n_cols,heat_related_cols,all_columns_preview
houston,334,/Users/yufeizhou/Desktop/heat-exposure-compare/data_processed/houston/houston_master_lst_hi_hotcompare.gpkg,654.0,EPSG:32615,38,"high_poverty_flag, lst_summer_mean_c, lst_summer_median_c, lst_hotspot_top20, lst_hotspot_top10, lst_hotspot_cut_top20_c, hi_summer_mean_c, hi_summer_median_c, lst_anomaly, hi_anomaly, lst_anom_class, hi_anom_class, lst_hotspot20, hi_hotspot20, hotspot_mismatch","STATEFP, COUNTYFP, TRACTCE, GEOID, NAME, NAMELSAD, ALAND, AWATER, area_km2, city, total_population, median_household_income, total_population_clean, median_household_income_clean, poverty_universe, below_poverty_count, poverty_universe_clean, below_poverty_count_clean, poverty_rate, low_income_flag, high_poverty_flag, inequity_group, lst_summer_mean_c, lst_summer_median_c, poverty_cut_city_median, lst_hotspot_top20, lst_hotspot_top10, lst_hotspot_cut_top20_c, hi_summer_mean_c, hi_summer_median_c, lst_anomaly, hi_anomaly, lst_anom_class, hi_anom_class, lst_hotspot20, hi_hotspot20, hotspot_mismatch, geometry"
houston,214,/Users/yufeizhou/Desktop/heat-exposure-compare/data_processed/houston/houston_master_with_lst_hi.gpkg,654.0,EPSG:32615,35,"high_poverty_flag, lst_summer_mean_c, lst_summer_median_c, lst_hotspot_top20, lst_hotspot_top10, lst_hotspot_cut_top20_c, hi_summer_mean_c, hi_summer_median_c, lst_anomaly, hi_anomaly, lst_anom_class, hi_anom_class","STATEFP, COUNTYFP, TRACTCE, GEOID, NAME, NAMELSAD, ALAND, AWATER, area_km2, city, total_population, median_household_income, total_population_clean, median_household_income_clean, poverty_universe, below_poverty_count, poverty_universe_clean, below_poverty_count_clean, poverty_rate, low_income_flag, high_poverty_flag, inequity_group, lst_summer_mean_c, lst_summer_median_c, poverty_cut_city_median, lst_hotspot_top20, lst_hotspot_top10, lst_hotspot_cut_top20_c, hi_summer_mean_c, hi_summer_median_c, lst_anomaly, hi_anomaly, lst_anom_class, hi_anom_class, geometry"
houston,179,/Users/yufeizhou/Desktop/heat-exposure-compare/data_processed/houston/houston_master_with_lst_hotspot.gpkg,654.0,EPSG:32615,29,"high_poverty_flag, lst_summer_mean_c, lst_summer_median_c, lst_hotspot_top20, lst_hotspot_top10, lst_hotspot_cut_top20_c","STATEFP, COUNTYFP, TRACTCE, GEOID, NAME, NAMELSAD, ALAND, AWATER, area_km2, city, total_population, median_household_income, total_population_clean, median_household_income_clean, poverty_universe, below_poverty_count, poverty_universe_clean, below_poverty_count_clean, poverty_rate, low_income_flag, high_poverty_flag, inequity_group, lst_summer_mean_c, lst_summer_median_c, poverty_cut_city_median, lst_hotspot_top20, lst_hotspot_top10, lst_hotspot_cut_top20_c, geometry"
houston,174,/Users/yufeizhou/Desktop/heat-exposure-compare/data_processed/houston/houston_master_with_lst_hi_fixed.gpkg,654.0,EPSG:32615,25,"high_poverty_flag, lst_c, hi_c","STATEFP, COUNTYFP, TRACTCE, GEOID, NAME, NAMELSAD, ALAND, AWATER, area_km2, city, total_population, median_household_income, total_population_clean, median_household_income_clean, poverty_universe, below_poverty_count, poverty_universe_clean, below_poverty_count_clean, poverty_rate, low_income_flag, high_poverty_flag, inequity_group, lst_c, hi_c, geometry"
houston,118,/Users/yufeizhou/Desktop/heat-exposure-compare/data_processed/houston/houston_master_gistar.gpkg,654.0,EPSG:32615,33,"high_poverty_flag, lst_summer_mean_c, lst_summer_median_c, lst_hotspot_top20, lst_hotspot_top10, lst_hotspot_cut_top20_c","STATEFP, COUNTYFP, TRACTCE, GEOID, NAME, NAMELSAD, ALAND, AWATER, area_km2, city, total_population, median_household_income, total_population_clean, median_household_income_clean, poverty_universe, below_poverty_count, poverty_universe_clean, below_poverty_count_clean, poverty_rate, low_income_flag, high_poverty_flag, inequity_group, lst_summer_mean_c, lst_summer_median_c, poverty_cut_city_median, lst_hotspot_top20, lst_hotspot_top10, lst_hotspot_cut_top20_c, gi_z, gi_p, gi_sig, gi_cluster, geometry"
houston,118,/Users/yufeizhou/Desktop/heat-exposure-compare/data_processed/houston/houston_rq1_compare.gpkg,654.0,EPSG:32615,30,"high_poverty_flag, lst_c, hi_c, lst_hotspot, hi_hotspot","STATEFP, COUNTYFP, TRACTCE, GEOID, NAME, NAMELSAD, ALAND, AWATER, area_km2, city, total_population, median_household_income, total_population_clean, median_household_income_clean, poverty_universe, below_poverty_count, poverty_universe_clean, below_poverty_count_clean, poverty_rate, low_income_flag, high_poverty_flag, inequity_group, lst_c, hi_c, population, has_both, lst_hotspot, hi_hotspot, compare_group, geometry"
houston,118,/Users/yufeizhou/Desktop/heat-exposure-compare/outputs/pilot/rq1_threshold_stability_houston.gpkg,654.0,EPSG:3857,40,"lst_c, hi_c, lst_only_count, hi_only_count, lst_hot_10, hi_hot_10, lst_only_10, hi_only_10, lst_hot_15, hi_hot_15, lst_only_15, hi_only_15, lst_hot_20, hi_hot_20, lst_only_20, hi_only_20, lst_hot_25, hi_hot_25, lst_only_25, hi_only_25","GEOID, lst_c, hi_c, total_population, city, valid_pair, lst_only_count, hi_only_count, overlap_count, lst_hot_10, hi_hot_10, lst_only_10, hi_only_10, overlap_10, lst_hot_15, hi_hot_15, lst_only_15, hi_only_15, overlap_15, lst_hot_20, hi_hot_20, lst_only_20, hi_only_20, overlap_20, lst_hot_25, hi_hot_25, lst_only_25, hi_only_25, overlap_25, lst_hot_30, hi_hot_30, lst_only_30, hi_only_30, overlap_30, any_hotspot_count, max_count, stability_share, n_max_types, dominant_stability, geometry"
houston,106,/Users/yufeizhou/Desktop/heat-exposure-compare/data_processed/houston/houston_master_with_lst.gpkg,654.0,EPSG:32615,25,"high_poverty_flag, lst_summer_mean_c, lst_summer_median_c","STATEFP, COUNTYFP, TRACTCE, GEOID, NAME, NAMELSAD, ALAND, AWATER, area_km2, city, total_population, median_household_income, total_population_clean, median_household_income_clean, poverty_universe, below_poverty_count, poverty_universe_clean, below_poverty_count_clean, poverty_rate, low_income_flag, high_poverty_flag, inequity_group, lst_summer_mean_c, lst_summer_median_c, geometry"
phoenix,334,/Users/yufeizhou/Desktop/heat-exposure-compare/data_processed/phoenix/phoenix_master_lst_hi_hotcompare.gpkg,373.0,EPSG:32612,38,"high_poverty_flag, lst_summer_mean_c, lst_summer_median_c, lst_hotspot_top20, lst_hotspot_top10, lst_hotspot_cut_top20_c, hi_summer_mean_c, hi_summer_median_c, lst_anomaly, hi_anomaly, lst_anom_class, hi_anom_class, lst_hotspot20, hi_hotspot20, hotspot_mismatch","STATEFP, COUNTYFP, TRACTCE, GEOID, NAME, NAMELSAD, ALAND, AWATER, area_km2, city, total_population, median_household_income, total_population_clean, median_household_income_clean, poverty_universe, below_poverty_count, poverty_universe_clean, below_poverty_count_clean, poverty_rate, low_income_flag, high_poverty_flag, inequity_group, lst_summer_mean_c, lst_summer_median_c, poverty_cut_city_median, lst_hotspot_top20, lst_hotspot_top10, lst_hotspot_cut_top20_c, hi_summer_mean_c, hi_summer_median_c, lst_anomaly, hi_anomaly, lst_anom_class, hi_anom_class, lst_hotspot20, hi_hotspot20, hotspot_mismatch, geometry"
phoenix,214,/Users/yufeizhou/Desktop/heat-exposure-compare/data_processed/phoenix/phoenix_master_with_lst_hi.gpkg,373.0,EPSG:32612,35,"high_poverty_flag, lst_summer_mean_c, lst_summer_median_c, lst_hotspot_top20, lst_hotspot_top10, lst_hotspot_cut_top20_c, hi_summer_mean_c, hi_summer_median_c, lst_anomaly, hi_anomaly, lst_anom_class, hi_anom_class","STATEFP, COUNTYFP, TRACTCE, GEOID, NAME, NAMELSAD, ALAND, AWATER, area_km2, city, total_population, median_household_income, total_population_clean, median_household_income_clean, poverty_universe, below_poverty_count, poverty_universe_clean, below_poverty_count_clean, poverty_rate, low_income_flag, high_poverty_flag, inequity_group, lst_summer_mean_c, lst_summer_median_c, poverty_cut_city_median, lst_hotspot_top20, lst_hotspot_top10, lst_hotspot_cut_top20_c, hi_summer_mean_c, hi_summer_median_c, lst_anomaly, hi_anomaly, lst_anom_class, hi_anom_class, geometry"
phoenix,179,/Users/yufeizhou/Desktop/heat-exposure-compare/data_processed/phoenix/phoenix_master_with_lst_hotspot.gpkg,373.0,EPSG:32612,29,"high_poverty_flag, lst_summer_mean_c, lst_summer_median_c, lst_hotspot_top20, lst_hotspot_top10, lst_hotspot_cut_top20_c","STATEFP, COUNTYFP, TRACTCE, GEOID, NAME, NAMELSAD, ALAND, AWATER, area_km2, city, total_population, median_household_income, total_population_clean, median_household_income_clean, poverty_universe, below_poverty_count, poverty_universe_clean, below_poverty_count_clean, poverty_rate, low_income_flag, high_poverty_flag, inequity_group, lst_summer_mean_c, lst_summer_median_c, poverty_cut_city_median, lst_hotspot_top20, lst_hotspot_top10, lst_hotspot_cut_top20_c, geometry"
phoenix,174,/Users/yufeizhou/Desktop/heat-exposure-compare/data_processed/phoenix/phoenix_master_with_lst_hi_fixed.gpkg,373.0,EPSG:32612,25,"high_poverty_flag, lst_c, hi_c","STATEFP, COUNTYFP, TRACTCE, GEOID, NAME, NAMELSAD, ALAND, AWATER, area_km2, city, total_population, median_household_income, total_population_clean, median_household_income_clean, poverty_universe, below_poverty_count, poverty_universe_clean, below_poverty_count_clean, poverty_rate, low_income_flag, high_poverty_flag, inequity_group, lst_c, hi_c, geometry"
phoenix,118,/Users/yufeizhou/Desktop/heat-exposure-compare/data_processed/phoenix/phoenix_rq1_compare.gpkg,373.0,EPSG:32612,30,"high_poverty_flag, lst_c, hi_c, lst_hotspot, hi_hotspot","STATEFP, COUNTYFP, TRACTCE, GEOID, NAME, NAMELSAD, ALAND, AWATER, area_km2, city, total_population, median_household_income, total_population_clean, median_household_income_clean, poverty_universe, below_poverty_count, poverty_universe_clean, below_poverty_count_clean, poverty_rate, low_income_flag, high_poverty_flag, inequity_group, lst_c, hi_c, population, has_both, lst_hotspot, hi_hotspot, compare_group, geometry"
phoenix,118,/Users/yufeizhou/Desktop/heat-exposure-compare/data_processed/phoenix/phoenix_master_gistar.gpkg,373.0,EPSG:32612,33,"high_poverty_flag, lst_summer_mean_c, lst_summer_median_c, lst_hotspot_top20, lst_hotspot_top10, lst_hotspot_cut_top20_c","STATEFP, COUNTYFP, TRACTCE, GEOID, NAME, NAMELSAD, ALAND, AWATER, area_km2, city, total_population, median_household_income, total_population_clean, median_household_income_clean, poverty_universe, below_poverty_count, poverty_universe_clean, below_poverty_count_clean, poverty_rate, low_income_flag, high_poverty_flag, inequity_group, lst_summer_mean_c, lst_summer_median_c, poverty_cut_city_median, lst_hotspot_top20, lst_hotspot_top10, lst_hotspot_cut_top20_c, gi_z, gi_p, gi_sig, gi_cluster, geometry"
phoenix,118,/Users/yufeizhou/Desktop/heat-exposure-compare/outputs/pilot/rq1_threshold_stability_phoenix.gpkg,373.0,EPSG:3857,40,"lst_c, hi_c, lst_only_count, hi_only_count, lst_hot_10, hi_hot_10, lst_only_10, hi_only_10, lst_hot_15, hi_hot_15, lst_only_15, hi_only_15, lst_hot_20, hi_hot_20, lst_only_20, hi_only_20, lst_hot_25, hi_hot_25, lst_only_25, hi_only_25","GEOID, lst_c, hi_c, total_population, city, valid_pair, lst_only_count, hi_only_count, overlap_count, lst_hot_10, hi_hot_10, lst_only_10, hi_only_10, overlap_10, lst_hot_15, hi_hot_15, lst_only_15, hi_only_15, overlap_15, lst_hot_20, hi_hot_20, lst_only_20, hi_only_20, overlap_20, lst_hot_25, hi_hot_25, lst_only_25, hi_only_25, overlap_25, lst_hot_30, hi_hot_30, lst_only_30, hi_only_30, overlap_30, any_hotspot_count, max_count, stability_share, n_max_types, dominant_stability, geometry"
phoenix,106,/Users/yufeizhou/Desktop/heat-exposure-compare/data_processed/phoenix/phoenix_master_with_lst.gpkg,373.0,EPSG:32612,25,"high_poverty_flag, lst_summer_mean_c, lst_summer_median_c","STATEFP, COUNTYFP, TRACTCE, GEOID, NAME, NAMELSAD, ALAND, AWATER, area_km2, city, total_population, median_household_income, total_population_clean, median_household_income_clean, poverty_universe, below_poverty_count, poverty_universe_clean, below_poverty_count_clean, poverty_rate, low_income_flag, high_poverty_flag, inequity_group, lst_summer_mean_c, lst_summer_median_c, geometry"
las_vegas,198,/Users/yufeizhou/Desktop/heat-exposure-compare/city_intake/las_vegas/working/las_vegas_analysis_ready.gpkg,535.0,EPSG:4326,31,"heat_source_file, lst_c, hi_c, hi_minus_lst, has_heat_data, heat_merge_status, high_lst, high_hi, large_gap, mismatch_class, gap_class","GEOID, city, STATEFP, COUNTYFP, TRACTCE, NAME, NAMELSAD, ALAND, AWATER, area_km2, total_population_clean, median_household_income_clean, below_poverty_count, poverty_universe, poverty_rate, heat_source_file, notes, lst_c, air_temp_c, rh_pct, hi_c, hi_minus_lst, has_heat_data, heat_merge_status, analysis_ready, high_lst, high_hi, large_gap, mismatch_class, gap_class, geometry"
las_vegas,163,/Users/yufeizhou/Desktop/heat-exposure-compare/city_intake/las_vegas/working/las_vegas_heat_extraction_input.gpkg,535.0,EPSG:32611,32,"lst_c, hi_c, hi_minus_lst, has_heat_data","GEOID, STATEFP, COUNTYFP, TRACTCE, NAME, NAMELSAD, area_km2, GEOIDFQ, MTFCC, FUNCSTAT, ALAND, AWATER, INTPTLAT, INTPTLON, acs_name, total_population, median_household_income, below_poverty_count, poverty_universe, poverty_rate, city, centroid_lon, centroid_lat, lst_c, air_temp_c, rh_pct, hi_c, hi_minus_lst, has_heat_data, has_alphaearth_embedding, has_pc_scores, geometry"
las_vegas,163,/Users/yufeizhou/Desktop/heat-exposure-compare/city_intake/las_vegas/working/las_vegas_missing_climate_tracts.gpkg,77.0,EPSG:4326,26,"heat_source_file, lst_c, hi_c, hi_minus_lst, has_heat_data, heat_merge_status","GEOID, city, STATEFP, COUNTYFP, TRACTCE, NAME, NAMELSAD, ALAND, AWATER, area_km2, total_population_clean, median_household_income_clean, below_poverty_count, poverty_universe, poverty_rate, heat_source_file, notes, lst_c, air_temp_c, rh_pct, hi_c, hi_minus_lst, has_heat_data, heat_merge_status, analysis_ready, geometry"
las_vegas,148,/Users/yufeizhou/Desktop/heat-exposure-compare/city_intake/las_vegas/working/las_vegas_analysis_ready.csv,,,30,"heat_source_file, lst_c, hi_c, hi_minus_lst, has_heat_data, heat_merge_status, high_lst, high_hi, large_gap, mismatch_class, gap_class","GEOID, city, STATEFP, COUNTYFP, TRACTCE, NAME, NAMELSAD, ALAND, AWATER, area_km2, total_population_clean, median_household_income_clean, below_poverty_count, poverty_universe, poverty_rate, heat_source_file, notes, lst_c, air_temp_c, rh_pct, hi_c, hi_minus_lst, has_heat_data, heat_merge_status, analysis_ready, high_lst, high_hi, large_gap, mismatch_class, gap_class"
las_vegas,138,/Users/yufeizhou/Desktop/heat-exposure-compare/city_intake/las_vegas/working/las_vegas_heat_ready_input.gpkg,535.0,EPSG:4326,33,"lst_c, hi_c, hi_minus_lst, has_heat_data, heat_merge_status","GEOID, STATEFP, COUNTYFP, TRACTCE, NAME, NAMELSAD, area_km2, GEOIDFQ, MTFCC, FUNCSTAT, ALAND, AWATER, INTPTLAT, INTPTLON, acs_name, total_population, median_household_income, below_poverty_count, poverty_universe, poverty_rate, city, centroid_lon, centroid_lat, lst_c, has_alphaearth_embedding, has_pc_scores, air_temp_c, rh_pct, hi_c, hi_minus_lst, has_heat_data, heat_merge_status, geometry"
las_vegas,113,/Users/yufeizhou/Desktop/heat-exposure-compare/city_intake/las_vegas/working/las_vegas_heat_extraction_input.csv,,,31,"lst_c, hi_c, hi_minus_lst, has_heat_data","GEOID, STATEFP, COUNTYFP, TRACTCE, NAME, NAMELSAD, area_km2, GEOIDFQ, MTFCC, FUNCSTAT, ALAND, AWATER, INTPTLAT, INTPTLON, acs_name, total_population, median_household_income, below_poverty_count, poverty_universe, poverty_rate, city, centroid_lon, centroid_lat, lst_c, air_temp_c, rh_pct, hi_c, hi_minus_lst, has_heat_data, has_alphaearth_embedding, has_pc_scores"
las_vegas,113,/Users/yufeizhou/Desktop/heat-exposure-compare/city_intake/las_vegas/working/las_vegas_missing_climate_tracts.csv,,,25,"heat_source_file, lst_c, hi_c, hi_minus_lst, has_heat_data, heat_merge_status","GEOID, city, STATEFP, COUNTYFP, TRACTCE, NAME, NAMELSAD, ALAND, AWATER, area_km2, total_population_clean, median_household_income_clean, below_poverty_count, poverty_universe, poverty_rate, heat_source_file, notes, lst_c, air_temp_c, rh_pct, hi_c, hi_minus_lst, has_heat_data, heat_merge_status, analysis_ready"
las_vegas,113,/Users/yufeizhou/Desktop/heat-exposure-compare/city_intake/las_vegas/working/las_vegas_heat_extraction_input.geojson,535.0,EPSG:4326,32,"lst_c, hi_c, hi_minus_lst, has_heat_data","GEOID, STATEFP, COUNTYFP, TRACTCE, NAME, NAMELSAD, area_km2, GEOIDFQ, MTFCC, FUNCSTAT, ALAND, AWATER, INTPTLAT, INTPTLON, acs_name, total_population, median_household_income, below_poverty_count, poverty_universe, poverty_rate, city, centroid_lon, centroid_lat, lst_c, air_temp_c, rh_pct, hi_c, hi_minus_lst, has_heat_data, has_alphaearth_embedding, has_pc_scores, geometry"
los_angeles,354,/Users/yufeizhou/Desktop/heat-exposure-compare/data/processed/los_angeles/los_angeles_master_lst_hi_hotcompare.gpkg,1108.0,EPSG:4326,38,"lst_c, hi_c, hi_minus_lst, lst_hot_q75, hi_hot_q75, mismatch_class, priority_flag, lst_summer_mean_c, hi_summer_mean_c","STATEFP, COUNTYFP, TRACTCE, GEOID, GEOIDFQ, NAME, NAMELSAD, MTFCC, FUNCSTAT, ALAND, AWATER, INTPTLAT, INTPTLON, city, city_name, NAME_acs, population, poverty_universe, poverty_below, poverty_rate, acs_year, state, county, tract, tract_area_km2, lst_c, hi_c, hi_minus_lst, air_temp_c, rh_pct, analysis_ready, lst_hot_q75, hi_hot_q75, mismatch_class, priority_flag, lst_summer_mean_c, hi_summer_mean_c, geometry"
los_angeles,178,/Users/yufeizhou/Desktop/heat-exposure-compare/city_intake/los_angeles/working/los_angeles_heat_master_template.gpkg,1108.0,EPSG:4326,38,"lst_c, hi_c, hi_minus_lst, lst_hot_q75, hi_hot_q75, mismatch_class, priority_flag, lst_summer_mean_c, hi_summer_mean_c","STATEFP, COUNTYFP, TRACTCE, GEOID, GEOIDFQ, NAME, NAMELSAD, MTFCC, FUNCSTAT, ALAND, AWATER, INTPTLAT, INTPTLON, city, city_name, NAME_acs, population, poverty_universe, poverty_below, poverty_rate, acs_year, state, county, tract, tract_area_km2, lst_c, hi_c, hi_minus_lst, air_temp_c, rh_pct, analysis_ready, lst_hot_q75, hi_hot_q75, mismatch_class, priority_flag, lst_summer_mean_c, hi_summer_mean_c, geometry"
los_angeles,128,/Users/yufeizhou/Desktop/heat-exposure-compare/city_intake/los_angeles/working/los_angeles_heat_master_template.csv,,,37,"lst_c, hi_c, hi_minus_lst, lst_hot_q75, hi_hot_q75, mismatch_class, priority_flag, lst_summer_mean_c, hi_summer_mean_c","STATEFP, COUNTYFP, TRACTCE, GEOID, GEOIDFQ, NAME, NAMELSAD, MTFCC, FUNCSTAT, ALAND, AWATER, INTPTLAT, INTPTLON, city, city_name, NAME_acs, population, poverty_universe, poverty_below, poverty_rate, acs_year, state, county, tract, tract_area_km2, lst_c, hi_c, hi_minus_lst, air_temp_c, rh_pct, analysis_ready, lst_hot_q75, hi_hot_q75, mismatch_class, priority_flag, lst_summer_mean_c, hi_summer_mean_c"
los_angeles,3,/Users/yufeizhou/Desktop/heat-exposure-compare/city_intake/los_angeles/working/los_angeles_tracts_boundary_acs.gpkg,1108.0,EPSG:4326,26,,"STATEFP, COUNTYFP, TRACTCE, GEOID, GEOIDFQ, NAME, NAMELSAD, MTFCC, FUNCSTAT, ALAND, AWATER, INTPTLAT, INTPTLON, city, city_name, NAME_acs, population, poverty_universe, poverty_below, poverty_rate, acs_year, state, county, tract, tract_area_km2, geometry"
los_angeles,3,/Users/yufeizhou/Desktop/heat-exposure-compare/data/processed/los_angeles/los_angeles_tracts_boundary_acs.gpkg,1108.0,EPSG:4326,26,,"STATEFP, COUNTYFP, TRACTCE, GEOID, GEOIDFQ, NAME, NAMELSAD, MTFCC, FUNCSTAT, ALAND, AWATER, INTPTLAT, INTPTLON, city, city_name, NAME_acs, population, poverty_universe, poverty_below, poverty_rate, acs_year, state, county, tract, tract_area_km2, geometry"
los_angeles,-47,/Users/yufeizhou/Desktop/heat-exposure-compare/city_intake/los_angeles/working/los_angeles_tracts_boundary_acs.csv,,,25,,"STATEFP, COUNTYFP, TRACTCE, GEOID, GEOIDFQ, NAME, NAMELSAD, MTFCC, FUNCSTAT, ALAND, AWATER, INTPTLAT, INTPTLON, city, city_name, NAME_acs, population, poverty_universe, poverty_below, poverty_rate, acs_year, state, county, tract, tract_area_km2"
miami,354,/Users/yufeizhou/Desktop/heat-exposure-compare/data/processed/miami/miami_master_lst_hi_hotcompare.gpkg,129.0,EPSG:4326,38,"lst_c, hi_c, hi_minus_lst, lst_hot_q75, hi_hot_q75, mismatch_class, priority_flag, lst_summer_mean_c, hi_summer_mean_c","STATEFP, COUNTYFP, TRACTCE, GEOID, GEOIDFQ, NAME, NAMELSAD, MTFCC, FUNCSTAT, ALAND, AWATER, INTPTLAT, INTPTLON, city, city_name, NAME_acs, population, poverty_universe, poverty_below, poverty_rate, acs_year, state, county, tract, tract_area_km2, lst_c, hi_c, hi_minus_lst, air_temp_c, rh_pct, analysis_ready, lst_hot_q75, hi_hot_q75, mismatch_class, priority_flag, lst_summer_mean_c, hi_summer_mean_c, geometry"
miami,178,/Users/yufeizhou/Desktop/heat-exposure-compare/city_intake/miami/working/miami_heat_master_template.gpkg,129.0,EPSG:4326,38,"lst_c, hi_c, hi_minus_lst, lst_hot_q75, hi_hot_q75, mismatch_class, priority_flag, lst_summer_mean_c, hi_summer_mean_c","STATEFP, COUNTYFP, TRACTCE, GEOID, GEOIDFQ, NAME, NAMELSAD, MTFCC, FUNCSTAT, ALAND, AWATER, INTPTLAT, INTPTLON, city, city_name, NAME_acs, population, poverty_universe, poverty_below, poverty_rate, acs_year, state, county, tract, tract_area_km2, lst_c, hi_c, hi_minus_lst, air_temp_c, rh_pct, analysis_ready, lst_hot_q75, hi_hot_q75, mismatch_class, priority_flag, lst_summer_mean_c, hi_summer_mean_c, geometry"
miami,128,/Users/yufeizhou/Desktop/heat-exposure-compare/city_intake/miami/working/miami_heat_master_template.csv,,,37,"lst_c, hi_c, hi_minus_lst, lst_hot_q75, hi_hot_q75, mismatch_class, priority_flag, lst_summer_mean_c, hi_summer_mean_c","STATEFP, COUNTYFP, TRACTCE, GEOID, GEOIDFQ, NAME, NAMELSAD, MTFCC, FUNCSTAT, ALAND, AWATER, INTPTLAT, INTPTLON, city, city_name, NAME_acs, population, poverty_universe, poverty_below, poverty_rate, acs_year, state, county, tract, tract_area_km2, lst_c, hi_c, hi_minus_lst, air_temp_c, rh_pct, analysis_ready, lst_hot_q75, hi_hot_q75, mismatch_class, priority_flag, lst_summer_mean_c, hi_summer_mean_c"
miami,3,/Users/yufeizhou/Desktop/heat-exposure-compare/city_intake/miami/working/miami_tracts_boundary_acs.gpkg,129.0,EPSG:4326,26,,"STATEFP, COUNTYFP, TRACTCE, GEOID, GEOIDFQ, NAME, NAMELSAD, MTFCC, FUNCSTAT, ALAND, AWATER, INTPTLAT, INTPTLON, city, city_name, NAME_acs, population, poverty_universe, poverty_below, poverty_rate, acs_year, state, county, tract, tract_area_km2, geometry"
miami,3,/Users/yufeizhou/Desktop/heat-exposure-compare/data/processed/miami/miami_tracts_boundary_acs.gpkg,129.0,EPSG:4326,26,,"STATEFP, COUNTYFP, TRACTCE, GEOID, GEOIDFQ, NAME, NAMELSAD, MTFCC, FUNCSTAT, ALAND, AWATER, INTPTLAT, INTPTLON, city, city_name, NAME_acs, population, poverty_universe, poverty_below, poverty_rate, acs_year, state, county, tract, tract_area_km2, geometry"
miami,-47,/Users/yufeizhou/Desktop/heat-exposure-compare/city_intake/miami/working/miami_tracts_boundary_acs.csv,,,25,,"STATEFP, COUNTYFP, TRACTCE, GEOID, GEOIDFQ, NAME, NAMELSAD, MTFCC, FUNCSTAT, ALAND, AWATER, INTPTLAT, INTPTLON, city, city_name, NAME_acs, population, poverty_universe, poverty_below, poverty_rate, acs_year, state, county, tract, tract_area_km2"
boston,354,/Users/yufeizhou/Desktop/heat-exposure-compare/data/processed/boston/boston_master_lst_hi_hotcompare.gpkg,207.0,EPSG:4326,38,"lst_c, hi_c, hi_minus_lst, lst_hot_q75, hi_hot_q75, mismatch_class, priority_flag, lst_summer_mean_c, hi_summer_mean_c","STATEFP, COUNTYFP, TRACTCE, GEOID, GEOIDFQ, NAME, NAMELSAD, MTFCC, FUNCSTAT, ALAND, AWATER, INTPTLAT, INTPTLON, city, city_name, NAME_acs, population, poverty_universe, poverty_below, poverty_rate, acs_year, state, county, tract, tract_area_km2, lst_c, hi_c, hi_minus_lst, air_temp_c, rh_pct, analysis_ready, lst_hot_q75, hi_hot_q75, mismatch_class, priority_flag, lst_summer_mean_c, hi_summer_mean_c, geometry"
boston,178,/Users/yufeizhou/Desktop/heat-exposure-compare/city_intake/boston/working/boston_heat_master_template.gpkg,207.0,EPSG:4326,38,"lst_c, hi_c, hi_minus_lst, lst_hot_q75, hi_hot_q75, mismatch_class, priority_flag, lst_summer_mean_c, hi_summer_mean_c","STATEFP, COUNTYFP, TRACTCE, GEOID, GEOIDFQ, NAME, NAMELSAD, MTFCC, FUNCSTAT, ALAND, AWATER, INTPTLAT, INTPTLON, city, city_name, NAME_acs, population, poverty_universe, poverty_below, poverty_rate, acs_year, state, county, tract, tract_area_km2, lst_c, hi_c, hi_minus_lst, air_temp_c, rh_pct, analysis_ready, lst_hot_q75, hi_hot_q75, mismatch_class, priority_flag, lst_summer_mean_c, hi_summer_mean_c, geometry"
boston,128,/Users/yufeizhou/Desktop/heat-exposure-compare/city_intake/boston/working/boston_heat_master_template.csv,,,37,"lst_c, hi_c, hi_minus_lst, lst_hot_q75, hi_hot_q75, mismatch_class, priority_flag, lst_summer_mean_c, hi_summer_mean_c","STATEFP, COUNTYFP, TRACTCE, GEOID, GEOIDFQ, NAME, NAMELSAD, MTFCC, FUNCSTAT, ALAND, AWATER, INTPTLAT, INTPTLON, city, city_name, NAME_acs, population, poverty_universe, poverty_below, poverty_rate, acs_year, state, county, tract, tract_area_km2, lst_c, hi_c, hi_minus_lst, air_temp_c, rh_pct, analysis_ready, lst_hot_q75, hi_hot_q75, mismatch_class, priority_flag, lst_summer_mean_c, hi_summer_mean_c"
boston,3,/Users/yufeizhou/Desktop/heat-exposure-compare/city_intake/boston/working/boston_tracts_boundary_acs.gpkg,207.0,EPSG:4326,26,,"STATEFP, COUNTYFP, TRACTCE, GEOID, GEOIDFQ, NAME, NAMELSAD, MTFCC, FUNCSTAT, ALAND, AWATER, INTPTLAT, INTPTLON, city, city_name, NAME_acs, population, poverty_universe, poverty_below, poverty_rate, acs_year, state, county, tract, tract_area_km2, geometry"
boston,3,/Users/yufeizhou/Desktop/heat-exposure-compare/data/processed/boston/boston_tracts_boundary_acs.gpkg,207.0,EPSG:4326,26,,"STATEFP, COUNTYFP, TRACTCE, GEOID, GEOIDFQ, NAME, NAMELSAD, MTFCC, FUNCSTAT, ALAND, AWATER, INTPTLAT, INTPTLON, city, city_name, NAME_acs, population, poverty_universe, poverty_below, poverty_rate, acs_year, state, county, tract, tract_area_km2, geometry"
boston,-47,/Users/yufeizhou/Desktop/heat-exposure-compare/city_intake/boston/working/boston_tracts_boundary_acs.csv,,,25,,"STATEFP, COUNTYFP, TRACTCE, GEOID, GEOIDFQ, NAME, NAMELSAD, MTFCC, FUNCSTAT, ALAND, AWATER, INTPTLAT, INTPTLON, city, city_name, NAME_acs, population, poverty_universe, poverty_below, poverty_rate, acs_year, state, county, tract, tract_area_km2"
san_francisco,354,/Users/yufeizhou/Desktop/heat-exposure-compare/data/processed/san_francisco/san_francisco_master_lst_hi_hotcompare.gpkg,260.0,EPSG:4326,34,"hi_c, lst_c, lst_pct, hi_pct, hi_minus_lst_pct, lst_hot, hi_hot, mismatch_class, priority_flag, q75_lst_c, q75_hi_c, q75_hi_minus_lst_pct","ALAND, AWATER, COUNTYFP, FUNCSTAT, GEOID, GEOIDFQ, INTPTLAT, INTPTLON, MTFCC, NAME, NAMELSAD, STATEFP, TRACTCE, centroid_in_city, city, city_context, city_label, hi_c, intersects_city, lst_c, state_fips, state_name, analysis_ready, lst_pct, hi_pct, hi_minus_lst_pct, lst_hot, hi_hot, mismatch_class, priority_flag, q75_lst_c, q75_hi_c, q75_hi_minus_lst_pct, geometry"
san_francisco,178,/Users/yufeizhou/Desktop/heat-exposure-compare/city_intake/san_francisco/working/san_francisco_heat_master_template.gpkg,260.0,EPSG:4326,34,"hi_c, lst_c, lst_pct, hi_pct, hi_minus_lst_pct, lst_hot, hi_hot, mismatch_class, priority_flag, q75_lst_c, q75_hi_c, q75_hi_minus_lst_pct","ALAND, AWATER, COUNTYFP, FUNCSTAT, GEOID, GEOIDFQ, INTPTLAT, INTPTLON, MTFCC, NAME, NAMELSAD, STATEFP, TRACTCE, centroid_in_city, city, city_context, city_label, hi_c, intersects_city, lst_c, state_fips, state_name, analysis_ready, lst_pct, hi_pct, hi_minus_lst_pct, lst_hot, hi_hot, mismatch_class, priority_flag, q75_lst_c, q75_hi_c, q75_hi_minus_lst_pct, geometry"
san_francisco,128,/Users/yufeizhou/Desktop/heat-exposure-compare/city_intake/san_francisco/working/san_francisco_heat_master_template.csv,,,33,"hi_c, lst_c, lst_pct, hi_pct, hi_minus_lst_pct, lst_hot, hi_hot, mismatch_class, priority_flag, q75_lst_c, q75_hi_c, q75_hi_minus_lst_pct","ALAND, AWATER, COUNTYFP, FUNCSTAT, GEOID, GEOIDFQ, INTPTLAT, INTPTLON, MTFCC, NAME, NAMELSAD, STATEFP, TRACTCE, centroid_in_city, city, city_context, city_label, hi_c, intersects_city, lst_c, state_fips, state_name, analysis_ready, lst_pct, hi_pct, hi_minus_lst_pct, lst_hot, hi_hot, mismatch_class, priority_flag, q75_lst_c, q75_hi_c, q75_hi_minus_lst_pct"
san_francisco,3,/Users/yufeizhou/Desktop/heat-exposure-compare/city_intake/san_francisco/working/san_francisco_tracts_boundary.gpkg,260.0,EPSG:4326,21,,"STATEFP, COUNTYFP, TRACTCE, GEOID, GEOIDFQ, NAME, NAMELSAD, MTFCC, FUNCSTAT, ALAND, AWATER, INTPTLAT, INTPTLON, centroid_in_city, intersects_city, city, city_label, state_fips, state_name, city_context, geometry"
san_francisco,3,/Users/yufeizhou/Desktop/heat-exposure-compare/data/processed/san_francisco/san_francisco_tracts_boundary.gpkg,260.0,EPSG:4326,21,,"STATEFP, COUNTYFP, TRACTCE, GEOID, GEOIDFQ, NAME, NAMELSAD, MTFCC, FUNCSTAT, ALAND, AWATER, INTPTLAT, INTPTLON, centroid_in_city, intersects_city, city, city_label, state_fips, state_name, city_context, geometry"
san_francisco,-47,/Users/yufeizhou/Desktop/heat-exposure-compare/city_intake/san_francisco/working/san_francisco_tracts_boundary.csv,,,20,,"STATEFP, COUNTYFP, TRACTCE, GEOID, GEOIDFQ, NAME, NAMELSAD, MTFCC, FUNCSTAT, ALAND, AWATER, INTPTLAT, INTPTLON, centroid_in_city, intersects_city, city, city_label, state_fips, state_name, city_context"
atlanta,354,/Users/yufeizhou/Desktop/heat-exposure-compare/data/processed/atlanta/atlanta_master_lst_hi_hotcompare.gpkg,223.0,EPSG:4326,34,"hi_c, lst_c, lst_pct, hi_pct, hi_minus_lst_pct, lst_hot, hi_hot, mismatch_class, priority_flag, q75_lst_c, q75_hi_c, q75_hi_minus_lst_pct","ALAND, AWATER, COUNTYFP, FUNCSTAT, GEOID, GEOIDFQ, INTPTLAT, INTPTLON, MTFCC, NAME, NAMELSAD, STATEFP, TRACTCE, centroid_in_city, city, city_context, city_label, hi_c, intersects_city, lst_c, state_fips, state_name, analysis_ready, lst_pct, hi_pct, hi_minus_lst_pct, lst_hot, hi_hot, mismatch_class, priority_flag, q75_lst_c, q75_hi_c, q75_hi_minus_lst_pct, geometry"
atlanta,178,/Users/yufeizhou/Desktop/heat-exposure-compare/city_intake/atlanta/working/atlanta_heat_master_template.gpkg,223.0,EPSG:4326,34,"hi_c, lst_c, lst_pct, hi_pct, hi_minus_lst_pct, lst_hot, hi_hot, mismatch_class, priority_flag, q75_lst_c, q75_hi_c, q75_hi_minus_lst_pct","ALAND, AWATER, COUNTYFP, FUNCSTAT, GEOID, GEOIDFQ, INTPTLAT, INTPTLON, MTFCC, NAME, NAMELSAD, STATEFP, TRACTCE, centroid_in_city, city, city_context, city_label, hi_c, intersects_city, lst_c, state_fips, state_name, analysis_ready, lst_pct, hi_pct, hi_minus_lst_pct, lst_hot, hi_hot, mismatch_class, priority_flag, q75_lst_c, q75_hi_c, q75_hi_minus_lst_pct, geometry"
atlanta,128,/Users/yufeizhou/Desktop/heat-exposure-compare/city_intake/atlanta/working/atlanta_heat_master_template.csv,,,33,"hi_c, lst_c, lst_pct, hi_pct, hi_minus_lst_pct, lst_hot, hi_hot, mismatch_class, priority_flag, q75_lst_c, q75_hi_c, q75_hi_minus_lst_pct","ALAND, AWATER, COUNTYFP, FUNCSTAT, GEOID, GEOIDFQ, INTPTLAT, INTPTLON, MTFCC, NAME, NAMELSAD, STATEFP, TRACTCE, centroid_in_city, city, city_context, city_label, hi_c, intersects_city, lst_c, state_fips, state_name, analysis_ready, lst_pct, hi_pct, hi_minus_lst_pct, lst_hot, hi_hot, mismatch_class, priority_flag, q75_lst_c, q75_hi_c, q75_hi_minus_lst_pct"
atlanta,3,/Users/yufeizhou/Desktop/heat-exposure-compare/city_intake/atlanta/working/atlanta_tracts_boundary.gpkg,223.0,EPSG:4326,21,,"STATEFP, COUNTYFP, TRACTCE, GEOID, GEOIDFQ, NAME, NAMELSAD, MTFCC, FUNCSTAT, ALAND, AWATER, INTPTLAT, INTPTLON, centroid_in_city, intersects_city, city, city_label, state_fips, state_name, city_context, geometry"
atlanta,3,/Users/yufeizhou/Desktop/heat-exposure-compare/data/processed/atlanta/atlanta_tracts_boundary.gpkg,223.0,EPSG:4326,21,,"STATEFP, COUNTYFP, TRACTCE, GEOID, GEOIDFQ, NAME, NAMELSAD, MTFCC, FUNCSTAT, ALAND, AWATER, INTPTLAT, INTPTLON, centroid_in_city, intersects_city, city, city_label, state_fips, state_name, city_context, geometry"
atlanta,-47,/Users/yufeizhou/Desktop/heat-exposure-compare/city_intake/atlanta/working/atlanta_tracts_boundary.csv,,,20,,"STATEFP, COUNTYFP, TRACTCE, GEOID, GEOIDFQ, NAME, NAMELSAD, MTFCC, FUNCSTAT, ALAND, AWATER, INTPTLAT, INTPTLON, centroid_in_city, intersects_city, city, city_label, state_fips, state_name, city_context"
seattle,354,/Users/yufeizhou/Desktop/heat-exposure-compare/data/processed/seattle/seattle_master_lst_hi_hotcompare.gpkg,199.0,EPSG:4326,34,"hi_c, lst_c, lst_pct, hi_pct, hi_minus_lst_pct, lst_hot, hi_hot, mismatch_class, priority_flag, q75_lst_c, q75_hi_c, q75_hi_minus_lst_pct","ALAND, AWATER, COUNTYFP, FUNCSTAT, GEOID, GEOIDFQ, INTPTLAT, INTPTLON, MTFCC, NAME, NAMELSAD, STATEFP, TRACTCE, centroid_in_city, city, city_context, city_label, hi_c, intersects_city, lst_c, state_fips, state_name, analysis_ready, lst_pct, hi_pct, hi_minus_lst_pct, lst_hot, hi_hot, mismatch_class, priority_flag, q75_lst_c, q75_hi_c, q75_hi_minus_lst_pct, geometry"
seattle,178,/Users/yufeizhou/Desktop/heat-exposure-compare/city_intake/seattle/working/seattle_heat_master_template.gpkg,199.0,EPSG:4326,34,"hi_c, lst_c, lst_pct, hi_pct, hi_minus_lst_pct, lst_hot, hi_hot, mismatch_class, priority_flag, q75_lst_c, q75_hi_c, q75_hi_minus_lst_pct","ALAND, AWATER, COUNTYFP, FUNCSTAT, GEOID, GEOIDFQ, INTPTLAT, INTPTLON, MTFCC, NAME, NAMELSAD, STATEFP, TRACTCE, centroid_in_city, city, city_context, city_label, hi_c, intersects_city, lst_c, state_fips, state_name, analysis_ready, lst_pct, hi_pct, hi_minus_lst_pct, lst_hot, hi_hot, mismatch_class, priority_flag, q75_lst_c, q75_hi_c, q75_hi_minus_lst_pct, geometry"
seattle,128,/Users/yufeizhou/Desktop/heat-exposure-compare/city_intake/seattle/working/seattle_heat_master_template.csv,,,33,"hi_c, lst_c, lst_pct, hi_pct, hi_minus_lst_pct, lst_hot, hi_hot, mismatch_class, priority_flag, q75_lst_c, q75_hi_c, q75_hi_minus_lst_pct","ALAND, AWATER, COUNTYFP, FUNCSTAT, GEOID, GEOIDFQ, INTPTLAT, INTPTLON, MTFCC, NAME, NAMELSAD, STATEFP, TRACTCE, centroid_in_city, city, city_context, city_label, hi_c, intersects_city, lst_c, state_fips, state_name, analysis_ready, lst_pct, hi_pct, hi_minus_lst_pct, lst_hot, hi_hot, mismatch_class, priority_flag, q75_lst_c, q75_hi_c, q75_hi_minus_lst_pct"
seattle,3,/Users/yufeizhou/Desktop/heat-exposure-compare/city_intake/seattle/working/seattle_tracts_boundary.gpkg,199.0,EPSG:4326,21,,"STATEFP, COUNTYFP, TRACTCE, GEOID, GEOIDFQ, NAME, NAMELSAD, MTFCC, FUNCSTAT, ALAND, AWATER, INTPTLAT, INTPTLON, centroid_in_city, intersects_city, city, city_label, state_fips, state_name, city_context, geometry"
seattle,3,/Users/yufeizhou/Desktop/heat-exposure-compare/data/processed/seattle/seattle_tracts_boundary.gpkg,199.0,EPSG:4326,21,,"STATEFP, COUNTYFP, TRACTCE, GEOID, GEOIDFQ, NAME, NAMELSAD, MTFCC, FUNCSTAT, ALAND, AWATER, INTPTLAT, INTPTLON, centroid_in_city, intersects_city, city, city_label, state_fips, state_name, city_context, geometry"
seattle,-47,/Users/yufeizhou/Desktop/heat-exposure-compare/city_intake/seattle/working/seattle_tracts_boundary.csv,,,20,,"STATEFP, COUNTYFP, TRACTCE, GEOID, GEOIDFQ, NAME, NAMELSAD, MTFCC, FUNCSTAT, ALAND, AWATER, INTPTLAT, INTPTLON, centroid_in_city, intersects_city, city, city_label, state_fips, state_name, city_context"
chicago,354,/Users/yufeizhou/Desktop/heat-exposure-compare/data/processed/chicago/chicago_master_lst_hi_hotcompare.gpkg,872.0,EPSG:4326,34,"hi_c, lst_c, lst_pct, hi_pct, hi_minus_lst_pct, lst_hot, hi_hot, mismatch_class, priority_flag, q75_lst_c, q75_hi_c, q75_hi_minus_lst_pct","ALAND, AWATER, COUNTYFP, FUNCSTAT, GEOID, GEOIDFQ, INTPTLAT, INTPTLON, MTFCC, NAME, NAMELSAD, STATEFP, TRACTCE, centroid_in_city, city, city_context, city_label, hi_c, intersects_city, lst_c, state_fips, state_name, analysis_ready, lst_pct, hi_pct, hi_minus_lst_pct, lst_hot, hi_hot, mismatch_class, priority_flag, q75_lst_c, q75_hi_c, q75_hi_minus_lst_pct, geometry"
chicago,186,/Users/yufeizhou/Desktop/heat-exposure-compare/city_intake/chicago/working/chicago_heat_master_template.gpkg,872.0,EPSG:4326,34,"hi_c, lst_c, lst_pct, hi_pct, hi_minus_lst_pct, lst_hot, hi_hot, mismatch_class, priority_flag, q75_lst_c, q75_hi_c, q75_hi_minus_lst_pct","ALAND, AWATER, COUNTYFP, FUNCSTAT, GEOID, GEOIDFQ, INTPTLAT, INTPTLON, MTFCC, NAME, NAMELSAD, STATEFP, TRACTCE, centroid_in_city, city, city_context, city_label, hi_c, intersects_city, lst_c, state_fips, state_name, analysis_ready, lst_pct, hi_pct, hi_minus_lst_pct, lst_hot, hi_hot, mismatch_class, priority_flag, q75_lst_c, q75_hi_c, q75_hi_minus_lst_pct, geometry"
chicago,136,/Users/yufeizhou/Desktop/heat-exposure-compare/city_intake/chicago/working/chicago_heat_master_template.csv,,,33,"hi_c, lst_c, lst_pct, hi_pct, hi_minus_lst_pct, lst_hot, hi_hot, mismatch_class, priority_flag, q75_lst_c, q75_hi_c, q75_hi_minus_lst_pct","ALAND, AWATER, COUNTYFP, FUNCSTAT, GEOID, GEOIDFQ, INTPTLAT, INTPTLON, MTFCC, NAME, NAMELSAD, STATEFP, TRACTCE, centroid_in_city, city, city_context, city_label, hi_c, intersects_city, lst_c, state_fips, state_name, analysis_ready, lst_pct, hi_pct, hi_minus_lst_pct, lst_hot, hi_hot, mismatch_class, priority_flag, q75_lst_c, q75_hi_c, q75_hi_minus_lst_pct"
chicago,16,/Users/yufeizhou/Desktop/heat-exposure-compare/.venv-2/lib/python3.14/site-packages/libpysal/examples/chicago/Chicago77.shp,77.0,None,12,,"OBJECTID, AREA, PERIMETER, COMAREA_, COMAREA_ID, AREA_NUMBE, COMMUNITY, AREA_NUM_1, SHAPE_AREA, SHAPE_LEN, AREANO, geometry"
chicago,16,/Users/yufeizhou/Desktop/heat-exposure-compare/.venv/lib/python3.12/site-packages/libpysal/examples/chicago/Chicago77.shp,77.0,None,12,,"OBJECTID, AREA, PERIMETER, COMAREA_, COMAREA_ID, AREA_NUMBE, COMMUNITY, AREA_NUM_1, SHAPE_AREA, SHAPE_LEN, AREANO, geometry"
chicago,11,/Users/yufeizhou/Desktop/heat-exposure-compare/city_intake/chicago/working/chicago_tracts_boundary.gpkg,872.0,EPSG:4326,21,,"STATEFP, COUNTYFP, TRACTCE, GEOID, GEOIDFQ, NAME, NAMELSAD, MTFCC, FUNCSTAT, ALAND, AWATER, INTPTLAT, INTPTLON, centroid_in_city, intersects_city, city, city_label, state_fips, state_name, city_context, geometry"
chicago,11,/Users/yufeizhou/Desktop/heat-exposure-compare/data/processed/chicago/chicago_tracts_boundary.gpkg,872.0,EPSG:4326,21,,"STATEFP, COUNTYFP, TRACTCE, GEOID, GEOIDFQ, NAME, NAMELSAD, MTFCC, FUNCSTAT, ALAND, AWATER, INTPTLAT, INTPTLON, centroid_in_city, intersects_city, city, city_label, state_fips, state_name, city_context, geometry"
chicago,-39,/Users/yufeizhou/Desktop/heat-exposure-compare/city_intake/chicago/working/chicago_tracts_boundary.csv,,,20,,"STATEFP, COUNTYFP, TRACTCE, GEOID, GEOIDFQ, NAME, NAMELSAD, MTFCC, FUNCSTAT, ALAND, AWATER, INTPTLAT, INTPTLON, centroid_in_city, intersects_city, city, city_label, state_fips, state_name, city_context"
dallas,354,/Users/yufeizhou/Desktop/heat-exposure-compare/data/processed/dallas/dallas_master_lst_hi_hotcompare.gpkg,449.0,EPSG:4326,34,"hi_c, lst_c, lst_pct, hi_pct, hi_minus_lst_pct, lst_hot, hi_hot, mismatch_class, priority_flag, q75_lst_c, q75_hi_c, q75_hi_minus_lst_pct","ALAND, AWATER, COUNTYFP, FUNCSTAT, GEOID, GEOIDFQ, INTPTLAT, INTPTLON, MTFCC, NAME, NAMELSAD, STATEFP, TRACTCE, centroid_in_city, city, city_context, city_label, hi_c, intersects_city, lst_c, state_fips, state_name, analysis_ready, lst_pct, hi_pct, hi_minus_lst_pct, lst_hot, hi_hot, mismatch_class, priority_flag, q75_lst_c, q75_hi_c, q75_hi_minus_lst_pct, geometry"
dallas,178,/Users/yufeizhou/Desktop/heat-exposure-compare/city_intake/dallas/working/dallas_heat_master_template.gpkg,449.0,EPSG:4326,34,"hi_c, lst_c, lst_pct, hi_pct, hi_minus_lst_pct, lst_hot, hi_hot, mismatch_class, priority_flag, q75_lst_c, q75_hi_c, q75_hi_minus_lst_pct","ALAND, AWATER, COUNTYFP, FUNCSTAT, GEOID, GEOIDFQ, INTPTLAT, INTPTLON, MTFCC, NAME, NAMELSAD, STATEFP, TRACTCE, centroid_in_city, city, city_context, city_label, hi_c, intersects_city, lst_c, state_fips, state_name, analysis_ready, lst_pct, hi_pct, hi_minus_lst_pct, lst_hot, hi_hot, mismatch_class, priority_flag, q75_lst_c, q75_hi_c, q75_hi_minus_lst_pct, geometry"
dallas,128,/Users/yufeizhou/Desktop/heat-exposure-compare/city_intake/dallas/working/dallas_heat_master_template.csv,,,33,"hi_c, lst_c, lst_pct, hi_pct, hi_minus_lst_pct, lst_hot, hi_hot, mismatch_class, priority_flag, q75_lst_c, q75_hi_c, q75_hi_minus_lst_pct","ALAND, AWATER, COUNTYFP, FUNCSTAT, GEOID, GEOIDFQ, INTPTLAT, INTPTLON, MTFCC, NAME, NAMELSAD, STATEFP, TRACTCE, centroid_in_city, city, city_context, city_label, hi_c, intersects_city, lst_c, state_fips, state_name, analysis_ready, lst_pct, hi_pct, hi_minus_lst_pct, lst_hot, hi_hot, mismatch_class, priority_flag, q75_lst_c, q75_hi_c, q75_hi_minus_lst_pct"
dallas,3,/Users/yufeizhou/Desktop/heat-exposure-compare/city_intake/dallas/working/dallas_tracts_boundary.gpkg,449.0,EPSG:4326,21,,"STATEFP, COUNTYFP, TRACTCE, GEOID, GEOIDFQ, NAME, NAMELSAD, MTFCC, FUNCSTAT, ALAND, AWATER, INTPTLAT, INTPTLON, centroid_in_city, intersects_city, city, city_label, state_fips, state_name, city_context, geometry"
dallas,3,/Users/yufeizhou/Desktop/heat-exposure-compare/data/processed/dallas/dallas_tracts_boundary.gpkg,449.0,EPSG:4326,21,,"STATEFP, COUNTYFP, TRACTCE, GEOID, GEOIDFQ, NAME, NAMELSAD, MTFCC, FUNCSTAT, ALAND, AWATER, INTPTLAT, INTPTLON, centroid_in_city, intersects_city, city, city_label, state_fips, state_name, city_context, geometry"
dallas,-47,/Users/yufeizhou/Desktop/heat-exposure-compare/city_intake/dallas/working/dallas_tracts_boundary.csv,,,20,,"STATEFP, COUNTYFP, TRACTCE, GEOID, GEOIDFQ, NAME, NAMELSAD, MTFCC, FUNCSTAT, ALAND, AWATER, INTPTLAT, INTPTLON, centroid_in_city, intersects_city, city, city_label, state_fips, state_name, city_context"
new_york,354,/Users/yufeizhou/Desktop/heat-exposure-compare/data/processed/new_york/new_york_master_lst_hi_hotcompare.gpkg,2365.0,EPSG:4326,34,"hi_c, lst_c, lst_pct, hi_pct, hi_minus_lst_pct, lst_hot, hi_hot, mismatch_class, priority_flag, q75_lst_c, q75_hi_c, q75_hi_minus_lst_pct","ALAND, AWATER, COUNTYFP, FUNCSTAT, GEOID, GEOIDFQ, INTPTLAT, INTPTLON, MTFCC, NAME, NAMELSAD, STATEFP, TRACTCE, centroid_in_city, city, city_context, city_label, hi_c, intersects_city, lst_c, state_fips, state_name, analysis_ready, lst_pct, hi_pct, hi_minus_lst_pct, lst_hot, hi_hot, mismatch_class, priority_flag, q75_lst_c, q75_hi_c, q75_hi_minus_lst_pct, geometry"
new_york,178,/Users/yufeizhou/Desktop/heat-exposure-compare/city_intake/new_york/working/new_york_heat_master_template.gpkg,2365.0,EPSG:4326,34,"hi_c, lst_c, lst_pct, hi_pct, hi_minus_lst_pct, lst_hot, hi_hot, mismatch_class, priority_flag, q75_lst_c, q75_hi_c, q75_hi_minus_lst_pct","ALAND, AWATER, COUNTYFP, FUNCSTAT, GEOID, GEOIDFQ, INTPTLAT, INTPTLON, MTFCC, NAME, NAMELSAD, STATEFP, TRACTCE, centroid_in_city, city, city_context, city_label, hi_c, intersects_city, lst_c, state_fips, state_name, analysis_ready, lst_pct, hi_pct, hi_minus_lst_pct, lst_hot, hi_hot, mismatch_class, priority_flag, q75_lst_c, q75_hi_c, q75_hi_minus_lst_pct, geometry"
new_york,128,/Users/yufeizhou/Desktop/heat-exposure-compare/city_intake/new_york/working/new_york_heat_master_template.csv,,,33,"hi_c, lst_c, lst_pct, hi_pct, hi_minus_lst_pct, lst_hot, hi_hot, mismatch_class, priority_flag, q75_lst_c, q75_hi_c, q75_hi_minus_lst_pct","ALAND, AWATER, COUNTYFP, FUNCSTAT, GEOID, GEOIDFQ, INTPTLAT, INTPTLON, MTFCC, NAME, NAMELSAD, STATEFP, TRACTCE, centroid_in_city, city, city_context, city_label, hi_c, intersects_city, lst_c, state_fips, state_name, analysis_ready, lst_pct, hi_pct, hi_minus_lst_pct, lst_hot, hi_hot, mismatch_class, priority_flag, q75_lst_c, q75_hi_c, q75_hi_minus_lst_pct"
new_york,3,/Users/yufeizhou/Desktop/heat-exposure-compare/city_intake/new_york/working/new_york_tracts_boundary.gpkg,2365.0,EPSG:4326,21,,"STATEFP, COUNTYFP, TRACTCE, GEOID, GEOIDFQ, NAME, NAMELSAD, MTFCC, FUNCSTAT, ALAND, AWATER, INTPTLAT, INTPTLON, centroid_in_city, intersects_city, city, city_label, state_fips, state_name, city_context, geometry"
new_york,3,/Users/yufeizhou/Desktop/heat-exposure-compare/city_intake/new_york/working/new_york_tracts_boundary_acs.gpkg,2327.0,EPSG:4326,26,,"STATEFP, COUNTYFP, TRACTCE, GEOID, GEOIDFQ, NAME, NAMELSAD, MTFCC, FUNCSTAT, ALAND, AWATER, INTPTLAT, INTPTLON, city, city_name, NAME_acs, population, poverty_universe, poverty_below, poverty_rate, acs_year, state, county, tract, tract_area_km2, geometry"
new_york,3,/Users/yufeizhou/Desktop/heat-exposure-compare/data/processed/new_york/new_york_tracts_boundary.gpkg,2365.0,EPSG:4326,21,,"STATEFP, COUNTYFP, TRACTCE, GEOID, GEOIDFQ, NAME, NAMELSAD, MTFCC, FUNCSTAT, ALAND, AWATER, INTPTLAT, INTPTLON, centroid_in_city, intersects_city, city, city_label, state_fips, state_name, city_context, geometry"
new_york,3,/Users/yufeizhou/Desktop/heat-exposure-compare/data/processed/new_york/new_york_tracts_boundary_acs.gpkg,2327.0,EPSG:4326,26,,"STATEFP, COUNTYFP, TRACTCE, GEOID, GEOIDFQ, NAME, NAMELSAD, MTFCC, FUNCSTAT, ALAND, AWATER, INTPTLAT, INTPTLON, city, city_name, NAME_acs, population, poverty_universe, poverty_below, poverty_rate, acs_year, state, county, tract, tract_area_km2, geometry"
new_york,-47,/Users/yufeizhou/Desktop/heat-exposure-compare/city_intake/new_york/working/new_york_tracts_boundary.csv,,,20,,"STATEFP, COUNTYFP, TRACTCE, GEOID, GEOIDFQ, NAME, NAMELSAD, MTFCC, FUNCSTAT, ALAND, AWATER, INTPTLAT, INTPTLON, centroid_in_city, intersects_city, city, city_label, state_fips, state_name, city_context"
