GEOID,PC1,PC2,PC3,PC4,PC5
48201421101,2.915751514301637,6.096447811409511,0.16122769249111138,1.1773369652277597,0.44965692951722197
48201423301,0.9739367874297411,-4.147162324644934,2.5875652308334796,-1.5335735176538876,1.7510546404973988
48201453401,3.0787839763139853,-3.900162670585304,1.4448406728719652,-0.7496091745097496,2.1491126432095466
48201331100,-1.8479174215629341,-0.38734002034388015,0.6853841404043415,2.691591053933005,0.5674117672465568
48201331200,-8.040803022109595,0.5374464182629972,-0.16553938037046753,0.3585087859484352,-1.711267420079715
48201331300,-7.514362103051245,2.284482942835455,1.978149267561981,2.459090823079193,-1.0312036581834938
48201331400,-10.204460794736164,3.0560294279525944,3.317950422054199,2.2877290821590663,-0.14369102377026682
48201321700,-1.0059950309076409,-2.644961887316302,1.7379233369591898,1.7669651507061168,-0.22876805253218252
48201521402,1.0302771722201924,-4.1011627253392655,1.9242518395840476,-0.8233159213729291,0.9089264994488248
48201250901,-8.222588354204216,-1.3016048513750362,-6.121849448284148,-4.442312776937959,2.056130023063755
48201520501,2.2360349018411507,4.2624491798277715,2.2206955991306594,-0.369800094074933,-0.1275600510552412
48201521701,0.31759418900024694,3.1894971224589224,2.221249244689893,0.07485423786673558,1.0006455221783206
48201550201,-5.085460391773796,1.695150877432295,2.0341166624629907,-1.9075424308412305,-1.1347275010841908
48201521702,1.6360897282104996,2.7342473686737083,1.194813611344898,-0.32419668546112745,-0.016174898550466943
48201520603,3.5415191101995167,0.38425357928854736,2.371464991370474,0.4144113869678151,1.0362242227846763
48201521201,2.977314060397758,1.5520739199030675,0.3067752460852261,-0.6967040085544711,0.08130068558482464
48201532004,-1.9204445272585655,-1.2450210803466568,2.109078343974082,-0.9559900932694896,0.8975805761093599
48201532003,0.32148976640400606,0.6767284425310437,2.796368737520859,-2.2074936215394096,0.6991357391024189
48201232701,-9.766269779443881,1.639475400841269,-4.263098882834487,-2.3559921216048636,-2.7060274053448343
48201420600,0.029685396524530634,-4.986616905494647,0.022604880142255337,2.860658597101513,1.6402270259217147
48201420700,0.9130345958968035,-5.0330414467814695,0.2736013915651356,1.8128255082390055,1.2035483957861102
48201314001,2.4005593302846213,3.5337740264855837,-3.4856416200496803,2.6541939243849644,2.772351312668743
48201320602,0.05623622011637393,-3.3930530077122207,-0.9847263173047409,1.5331975330766507,-0.8960655216144726
48201450100,1.3727419800970875,-5.207094709419923,-0.9773961726226083,-3.0454114555227325,1.2077801543358513
48201433400,-2.260494895526669,-1.512503154306866,2.935204121421331,-0.3402085143397142,3.475196356464215
48201450200,2.172243693934533,-4.689786934956435,-0.6114986744351785,-2.311084943819995,1.2243124714276707
48201450500,-0.4336158391930259,-0.934045719943751,-1.5670957210097214,-2.1298951348852158,2.993324449579736
48201453800,-2.9873389872569995,-2.458550264893843,1.5040592496035707,-0.6275994347672854,3.1113915984381735
48201340600,-2.18953544043453,-5.91168433146631,-1.266157344767734,2.762605558245256,0.038163669730567874
48201340800,-0.5837499249629873,-5.956238770478059,-0.7917120059479452,1.7152510657304414,0.11384748202194245
48201433300,2.251883800636555,-5.345803633876208,2.8900257173799284,-2.1834865819609472,2.52627228563071
48201520502,0.9511589996311287,3.0599499870900684,1.9215333107292885,-0.3014888936454825,1.0865693824073672
48201520604,2.783595249206848,-3.391807683586227,1.7266283601181902,-0.8833892994583463,-0.36459694050000646
48201521501,3.333889962122857,-4.253007924250293,1.2705834017739106,-0.858960385452476,2.47767377539077
48201250602,-11.41692731767543,1.5116376957534907,-3.9777584588999133,-5.071290139921114,0.018661871126100946
48201433100,1.689905093473778,4.919566016566129,4.148045677787816,-2.1072823431919336,1.0776879266851471
48201520200,1.6373997493882642,-2.500609382460509,0.10073201887546614,-1.4788568836418807,-0.2488001120013528
48201520700,3.1151348539321573,-2.73067052323258,0.16784843851904527,-1.517566684018628,-0.7621072124220567
48157670603,-5.848690730012029,-0.9034034494784671,1.661116599407252,1.7948062057743555,-0.011740830849262284
48157673007,-11.846313118916159,2.675603679594503,-1.379767574730141,-4.346045229271177,-2.6362304373713665
48157673006,-10.882126770275452,0.11852348752985026,-2.6203043386791958,-5.364322567196614,-1.1819067387611963
48201431902,4.7973982825588966,5.8660129087300135,-4.6179227530778295,-0.00602653334250561,-0.42755476170573514
48201423100,0.8730918454159906,4.608102104394093,2.019724769118576,-1.6593282584756988,0.39809803115834635
48201410401,8.244102280714305,-2.7888559431295254,-4.343364744718441,-0.29380625544164857,-2.435666769010404
48201431801,4.181779582884242,-1.657927603332583,-1.4065919715247213,-1.150063943727328,-1.0316764042339701
48201422702,1.6136757105637418,-7.959507765223437,0.89868815620785,-1.0564348699952266,2.7113120855197583
48201422701,1.2114915174793528,-4.636253846375351,2.75121547089456,-0.5831647758921694,2.0427184579260715
48201410801,6.330550361614923,-1.2417831630904086,-2.8595448723118917,0.8789012126395528,-1.646061265394959
48201432705,7.173394061678327,5.342126327244723,2.004375320845317,-1.9035314537939871,-2.5216493761044605
48201313901,-0.6712210536400146,6.423384729189262,-2.8904555346865504,4.549689339883147,4.108094830605251
48201314003,2.991834770496459,2.835278113327952,1.1546444747234537,0.3553683203960332,-2.883327250049787
48201314402,3.1581845307655647,6.45739667796234,-0.04556768404752137,0.7101234127050376,-0.4208186837385072
48201412201,4.736390010236366,-3.8887359569517406,-5.454427827640116,0.958285601555424,0.8205668114243861
48201411902,1.3120183337787281,-2.4733611616819213,-4.485186549926322,-1.7691350136623616,-0.6726654457064679
48201313801,-3.390319302832615,-0.9682019955645487,-2.281133071645778,5.0623540570786885,2.0025094579155027
48201222504,4.798634715388095,-0.8311716251224673,2.0775034310622162,0.3055724150123568,-3.787965673208903
48201333501,3.244741313550289,-0.24419864537960678,1.5042781178588212,0.22023891901863432,-1.699971561993225
48201333302,-3.811395969290343,3.2033639806112415,0.7332765298990634,0.9680663801325722,-2.0172702241465235
48201431505,7.75031693506192,0.8118975380939205,-0.9321825168646353,-2.2997885841190815,-2.768778199486995
48201520302,3.3604659895964066,-0.7147692249075783,0.6379520025485373,-0.35769074655397914,-0.9678477914214189
48201520301,2.2278607862436015,-1.2212192570354277,1.375484614954262,-0.07964569854302908,0.1663084984684437
48201410704,5.845981033180032,-2.801538739756198,-3.758808498091712,0.12369342784097288,-1.9149883023074714
48201511003,2.1818895535852114,-0.1031414601424351,0.8590522277200678,2.1048687596340137,0.2841022592129285
48201511202,5.576978205589856,1.2394414367310786,-2.2762232151345425,0.10618450534901186,-2.518268509659328
48201432706,4.59751200969269,4.887460080538307,2.4574937845269775,-0.311812827045561,-0.8864400717051811
48201511501,5.0929288189925215,1.2314520509516513,-1.8984791201571682,0.37973913957308697,-2.68631160192321
48201350803,-10.401987650079178,2.9921617091531743,0.7865162059774732,-1.0757060435538228,-1.620285472099297
48201432003,5.947568502680223,5.553561121098986,-0.012522606372707523,-0.433756027218125,-2.0893185679683683
48201431303,7.623928399445532,5.2755391596096075,-0.18215916447454647,-1.3853046442686276,-1.5693611512709953
48201432102,5.30353661442909,-0.17996675404488766,0.8023550165320318,-2.455185781043614,-0.10851545782298927
48201554809,-5.858991381015541,-1.7957121253197577,-0.1961749957026644,-4.376170289769265,1.9780103675873368
48201532102,-0.45064661886870605,1.3775816139588561,1.5929046761016843,-0.6311923585579109,1.6154189723119736
48201532302,-0.5241574382685878,3.5212119832192172,1.1081109843394725,0.06947809988558022,1.0878601596968451
48201350104,-11.069711233866935,2.87427020631116,-1.2602982812344068,1.424491801606549,-0.44397810321999254
48201411504,4.239786381940536,5.607832592154687,-0.5938590425862291,-1.2959478195931105,-3.5865181223885823
48201411506,6.454277067902963,6.101280852219318,-3.5330463388311957,-0.6209263413093377,-1.6313829276637075
48201411505,4.7178541329272745,-0.7439482745084631,-2.7712751400547084,0.47529124887343366,-1.4774563135362209
48201220702,-1.6713387799422892,-1.7422895861498127,0.8217778428094923,2.6942229264954407,-2.640241469760848
48201341001,-1.097687392881218,-0.909197907938584,-0.4848123341254699,2.4712679290582584,0.18397626153904437
48201431803,5.860149773520356,3.779947957505539,-2.0412442475533603,-1.9999273600023468,-1.9418638464233053
48201211600,2.1878454025357805,-2.8990914430547927,-0.6921544035758433,2.5384824755789817,-2.1393427690794256
48201211700,-0.8832984323216619,2.1481673114658597,0.13619684655165037,2.168278585297301,-1.9328233442849247
48201531200,-1.192228470294995,-4.078801006772712,1.5769573729843485,-0.8427757297821822,0.28018644360418077
48201312300,1.0330052605578017,-0.5021879688950432,-0.3754710415033663,3.018782422185532,1.5789126030397298
48201332000,-2.172815300738951,-3.5905375753874877,-0.08435551833456079,4.319146381646213,3.043925004452091
48201531600,0.00030775061699800415,-2.671147290639981,1.241955739484749,0.0470279513217046,0.5521012914876396
48201530800,-4.215033765308946,-2.060448928215828,0.7508423993329747,1.602618750711673,-1.519071544492605
48201531500,1.1598491280648633,-1.6249508599421005,3.099124477133733,-1.2338563814218275,1.4364897684780895
48201531700,2.5938155920341246,-4.142718505010095,-0.17445104578015105,0.17878384037394712,-1.6136852081917554
48201531800,-8.446921520913229,-0.697930080103351,0.4209904006267337,0.18511911469450026,-2.631151200319279
48201531900,-6.356191846785109,-1.1023444822391824,1.3031581013052944,-0.6048172679335267,-1.1068721363408
48201510100,4.877280188342897,3.671974230262989,-1.8701233974610285,0.4809052968583475,0.3863349233647947
48201510400,5.356792616792069,-2.8491032136803356,-1.8400934909149742,0.6087347554779633,-1.951277421211565
48201510500,2.9974458102264028,0.9533634277033994,-1.4506445789315712,0.9444154843597384,-1.6269254911297668
48201250701,-12.702342392078373,1.7978459905610837,-5.850959439375097,-4.739712272753377,0.06638787990460414
48201251503,-1.2321232228773393,-8.71642789743734,-2.529634163732598,-2.665058345156112,-0.5830225670806883
48201251402,-2.527400531533687,-8.392259297463077,-2.5902004884821266,-3.2834188729645244,0.9265513465864476
48201511001,2.40267481830783,1.0258303525315131,-0.03322208292091905,2.0361571353759667,0.5087398962605427
48201522302,3.070578013760584,2.0808615262881807,0.8194802241462797,-1.7611543338736837,-0.30841795684082157
48201522202,-2.5415889821243236,-3.8117655299894206,-0.49891577366575146,-5.309700683547632,2.6473666523247275
48201522301,2.837374104616622,0.6790913069384069,1.619828470101813,-2.0528286831581055,0.49611657162961426
48201522201,1.9880101474130503,-2.146886848992754,1.339220786087284,-3.170514163948841,0.35804577214278743
48201333903,-2.370938640273663,1.9701206000856974,0.1261062608007203,1.277556295372724,-5.3558599067875437e-05
48201221701,-4.449232528626968,-0.8682405657367515,1.7066616960215262,0.7434360115327687,-2.1374160425152633
48201330801,-11.28316711858443,5.050447287678672,0.18450301547525105,1.6655034745938675,-0.9506839763711743
48201333502,1.0057449152542872,-3.8367975163475223,1.9699646601346514,0.8658686022389588,-1.3165449159167513
48201321301,1.8142568473388834,0.47161004172306215,2.7880729163606057,1.36984064497016,-0.749287606555112
48201321102,-3.1810947824474836,-0.16241753622468857,0.9001311399504883,1.000290821021996,-3.105778478184575
48201321002,-2.6138062179460575,-1.4480873980980329,0.6834456340606136,1.2675702577303238,-0.9412556833162986
48201221301,0.26444896897520453,-3.1421105491423234,1.1873942599876584,1.9251193644265454,-2.3612525735853866
48201552603,-0.4902558241594106,1.6252312831046258,1.3959219761473332,-1.61486919235397,2.2052065120811024
48201532101,2.1427951027803944,-3.25199940855665,1.785864372496007,-1.1671692525972899,1.363035953444325
48201540101,-4.015816655443061,1.3888252037440658,-1.9656696023828841,-5.064307131714089,-0.3787109202568973
48201522002,1.411381395725205,-1.201554312063376,2.712010483097616,-0.6258939987943538,2.2767254990792414
48201311600,1.09422050542995,5.570333891985035,0.8783384811496586,2.4477758181824245,0.43211151300276357
48201330302,-5.642030483022186,1.1803695412811912,1.172621382452124,2.957161624528131,0.357164533651324
48201333201,2.0526951330934704,-3.8356145531811703,0.7550744837561884,1.5669334332514702,-0.8278870991055192
48201340301,-3.2077430599442907,-5.307513316271794,-2.3770773545141326,0.8996075198428415,0.20524391945667658
48201310700,-0.7436311324868141,0.6208664804640378,-2.640651355878637,2.232045031166641,4.412595446452118
48201532600,-1.5606768644380593,-3.3134404558899098,0.5225732364675366,-1.7097931461507898,0.3034283682140038
48201311800,-1.2090284582985098,1.547419366854543,-1.8619361833300814,1.8729189068514547,1.2949102053877526
48201311900,-0.527133006812408,3.9574101780558033,-1.3621165062842622,2.840078399792135,3.7279975853038643
48201312000,-0.9342520723644134,1.2272864447111769,0.04971953250350737,2.609699599947814,3.750093285528319
48201222300,-8.10222770445166,0.5348896378386739,-1.6804088216223978,-2.4598989339714574,-0.6156274070936157
48201211900,4.217284479006203,-4.630630310081077,-1.0694273020757197,2.3519568861078763,-3.3734502531961326
48201422000,-0.6509501674285416,-8.766347190091215,0.2730891990000341,0.4004142762851211,0.8843824705397056
48201454600,0.9576731268982462,1.6183527077290298,2.998609280818945,-1.4423970297731885,1.3490400682509651
48201532502,-3.4175623357431517,-1.3800440048416693,0.885485541154741,-0.548382084027053,1.6562516770766693
48201332600,-1.338693562673245,-1.3003697204433171,2.0804933387395486,1.1675127849396545,-4.069902917042631
48201220300,-0.2561232303664674,-2.6886983708265313,0.16332096835432933,2.3156229323478574,-1.991265160808527
48201220400,0.4030676819960324,-2.82076135880534,-0.12778028825672147,2.065045187081356,-2.7086647282422653
48201220500,2.42924150274274,2.146887793873262,0.24706933122181834,0.7912493725935494,-1.2620054223786858
48201220600,-0.094709947801575,-0.5441881733344354,1.062612237751532,1.039496397244344,-2.387400431906357
48201230100,-2.4897519809643303,-0.36474473902172533,2.0050570423101117,3.0267426719913955,-1.2996717146693602
48201230200,-7.360195155147062,0.3861883095710145,-0.026937712429409393,1.7456770544028528,-1.3820189440492296
48201230500,-4.060892842533359,-1.4615261864041167,0.0528572930336481,2.7093586163672785,0.10714348010469957
48201230600,-3.6931826079860643,-4.132386801629634,0.9037396914147241,1.7456469836179214,-2.182029566129771
48201230700,-7.56131840099811,-1.3438187233115884,-0.6190765923133134,-1.4316814258611426,-1.1111318627417712
48201230800,-5.729878991383152,-5.320312126222251,-1.1729786035843164,1.1414143706564528,-2.453895422610434
48201210400,0.7443643374316188,-0.8301019768562722,1.0919527260206092,0.7995279755676936,-1.3244548011953248
48201220800,-0.815184143004356,0.410712500843517,0.4856699734910111,2.0306566824871024,-2.551734369436749
48201433007,4.556195575569728,4.141358238887927,2.3257478895004815,-2.1316257665140386,-0.4762220442823184
48201453201,6.234422628820351,1.8753721487857218,0.7590942164317841,-1.0652025487706684,1.5965352757327376
48201432501,4.593437029958914,-0.014156856668245872,1.7973836830515428,-1.7769271159172202,-0.04449446920920899
48201451502,-2.4136456397403556,-2.145746399535968,-0.4587381430662084,-2.994855249186635,0.09839867926615967
48201451603,1.8099403794228794,-3.2901823482073485,0.17496351710068633,-2.0663559063172574,1.0927591141200133
48201452402,2.0095740340500408,-0.4466973730359591,2.987221516718952,-1.2554162419682586,0.6317643997690171
48201433005,4.339479020531213,4.595120061194282,4.004480591999752,-1.1948112311350667,0.6177040882683181
48201452501,0.06938955926450151,2.3880594427086206,6.143013833338357,-1.3098509776565121,1.4490580464125482
48201310200,3.156990239566512,4.414116841701779,-2.1566418146811204,3.125520571228032,1.7660641326076003
48201310300,1.8773129197639036,0.5400081590378518,-2.578110096005923,3.818534836453268,4.857483886496812
48201533100,-3.8196746321625703,-3.867272569036927,0.6818088869721841,-1.9107206626969993,0.433614435695072
48201533200,-4.569868408523122,-2.5281398088566056,1.5093075199424435,-0.7198365088627733,-0.40696431841173025
48201533500,-1.09554281374922,-1.0082544564909164,0.3037631890453822,0.2640142977134897,-1.7672329316978603
48201431102,1.6879328421702278,-1.573612214675442,-1.736354830652925,-4.693730110251995,0.040224348348922925
48201431101,3.5420662751151704,0.4157709726919659,-2.184412188133562,-3.0420986963108336,1.229202591209874
48201433003,5.073652481795523,3.845182130546397,2.6155773193264884,-1.4979119422075242,0.4173162535772046
48201432901,2.6566579935121197,2.81951262925138,2.8676108528059747,-1.04865717734791,1.6783427564935163
48201433202,3.079031111879687,-5.491338144196674,-0.06014111266307334,-0.11492033140775175,4.592208836155434
48201433201,4.694915991285637,-4.737394179484912,0.923846306884168,-1.3293534535034037,1.5287232613586477
48201320500,-6.1701096981251,3.7605096033253944,-1.8761840325491288,1.3153442472102228,-2.0751842213133807
48201521502,0.6372638617630932,-6.517673977098746,1.9143068538955004,-0.9815595470300189,1.149371791461358
48201333905,-5.544594002637092,1.1005674134378431,0.8201816075043658,1.320555618989478,-2.710366890744951
48201311702,2.959007437537923,6.571332131324092,-1.0558043911813446,2.6157199599832657,3.5026856560884
48201221502,1.7162023213043724,2.8931359675847736,0.7805104310561252,0.6101063591527595,-1.1598059235136968
48201313201,-1.035191053592268,-2.4348786337465946,0.3853955820736872,2.1362761779551263,2.9090171850983375
48201411302,5.161949762578103,5.843267810574401,-5.405733987695771,0.9702661782258878,-0.6511721161709426
48201510803,-1.1426047326823616,1.239965209409083,-3.330633454508528,-0.5446846381467082,-2.4726376746783814
48201231400,-8.658776839207828,2.602775765259213,-1.1069878954084464,-0.642200682279536,1.6398066556458883
48201530200,0.01551946865594615,0.08306621910022705,1.5881078821572423,0.8305994225297476,-0.23104030088847982
48201220100,-0.825838550297288,-0.8637248121807078,1.0755486546093664,2.31868645884916,-2.113897972946922
48201220200,1.5097733973126444,-1.5295877350374532,0.9621662415403218,1.5980992392973241,-1.2794124020970654
48201521800,-1.7175463713395773,3.6474971369011566,2.2200940512919707,-1.301880602671436,0.6853509050458383
48201521900,-0.2785396464588984,-2.6326632475292664,0.6939296562365934,-4.069881686049046,3.1876544889106437
48201530300,0.8402940372765758,-1.9858690890503128,1.6016650956425451,1.79135689488199,-1.5536450649548437
48157670202,-3.700351147001669,-4.647123482037872,0.3109411502015368,4.019501567876671,1.170461644465688
48157672902,-4.234309176267004,1.133382438524211,3.283112105912544,-0.23328524582169982,0.8578909908366233
48157670201,-7.271846961704817,0.8490454538483542,4.021385165464875,2.7374801232885604,-0.06980349713878632
48201532800,-4.05399406666334,-2.0964115385135744,2.246318044418762,-2.4749983997572205,1.05571553621244
48201533000,-8.3546934924126,-0.7966013218784624,2.870999376501286,-1.8486813306638235,2.0566355647195995
48201542500,-4.574075645824347,3.069938972422415,1.5300319260022348,-2.2632652670803264,3.339959150863068
48201453202,2.5834199365019876,1.2857411208152265,0.05857725304514021,0.4917644754388469,4.819358892988504
48201980400,-0.04679451649635003,4.574963496119165,-2.746257455108941,3.408508233593942,4.7700946930334
48201980200,1.0611756684757532,7.29544541223728,-1.9954233391137604,2.852027308691538,2.30723028285169
48201432804,3.7577399637889366,5.824135370689375,3.0006352306000337,-0.7971569682277594,-0.23377766533855998
48201331602,-10.713688187152282,4.659009493122739,0.07348484349380832,1.872091405762698,-1.6758103730361351
48201320601,-5.7059998246831,-2.2443186775811528,-0.22823455593153938,1.5141920247340965,-0.23290517813766845
48201350601,-12.479348541741293,3.519253084813186,-1.428594688760252,0.38531233647684554,-1.6567935947398629
48201431401,6.358358854161201,5.4370971120044045,-1.138703559976782,-0.9278497031297164,-2.7150090588979348
48201511301,5.019417261854671,-1.9947425192847392,-2.701687127004674,1.3064113884727464,-2.9318071062130113
48201330303,-5.049373824233223,2.204482471807623,2.7348959450691335,1.4957526420295582,0.24591355708983992
48201334003,-2.9119836734575575,-2.7186839489646535,0.8036010338747941,2.5067642275610282,-0.2707047692460235
48201410900,6.290156380750535,-1.444554933184204,-3.038495496563233,-0.05414244623833039,-2.0131307425022262
48201340302,0.31644255011623845,-6.908296329531558,-0.8312235041436057,-1.0523644949394162,-3.1016024951712122
48201330301,-4.811270065919673,0.3624533483631673,0.22375770569718575,2.560006786401841,0.16459339964370878
48201334001,-0.34702495269064576,0.2612621597821673,1.8056422829811414,1.6702945032009437,0.14429669840708886
48201222501,1.8785134069604195,0.8306162528895432,1.9900995828126309,0.6850101710530778,-1.9824570131402657
48201341302,-4.696173491946246,2.966598392079491,-0.7495946446971697,2.309304617285358,1.140438616139654
48201310500,0.6069486555766833,4.251868650975354,-5.0229815146729235,3.3932963007664916,2.537315013032535
48201453300,0.6166393282511112,4.9471193146267085,1.614142528716653,0.33499784017972545,4.48651592460125
48201420300,-1.3489454559725829,-3.8291220566051307,0.2076325157196244,2.1364277959192655,0.8483578524673039
48201420500,-5.348434634599801,4.275912107596622,1.336558165164678,2.6685199880758415,0.44799011184158033
48201980000,-5.389024338493399,5.6272428942575345,5.386917321984224,2.679891966040064,3.00240741736225
48201333600,-8.828007385601916,-4.733603059837799,-0.627042422015234,2.2414243682284556,-2.4958213036363515
48201333700,-4.431790691340061,4.167511005031289,1.4827551158222245,1.2472111582581726,-1.5962772885811825
48201410300,4.204160591917073,4.3454678708713015,-3.028416865590836,-1.4700556282478063,-1.6206746117368909
48201455300,-1.1032684086495355,4.194058642642113,3.027389195524319,-1.5041799799566844,0.938362981693919
48201320700,-1.1866044380570706,3.430296066380469,0.25497405127768485,1.506099225138524,-1.9287358530548488
48201422302,0.4253104892669445,-6.056202879065233,0.9773307578473153,0.5781552861156745,-0.37627696633361457
48201423402,-0.4141457636764979,-1.2636207193914173,3.774532156578985,-1.3842002588027864,2.1187317796241447
48201423401,-0.4613074642164723,-1.55612706659766,2.589727496039109,-0.8286198125271249,-0.24472387801270365
48201522402,0.8796572286105505,1.2369608826007195,3.1048718884546473,-1.8178833099289053,1.2056329018794287
48201522401,1.3329360793522602,-2.2917142057284074,1.662976054637849,-1.8643857307891807,1.8580033973806136
48201552002,1.011098926148003,2.7688125508115076,2.197043410692903,-0.7171943643873369,1.74094601031687
48201333100,0.0846826037401381,-1.9855682733980125,0.044424150367566646,0.5990182457668295,-0.5339200478617694
48201511600,2.669081890182951,0.17482969347336944,-0.40233196042828573,1.7593136583202706,-1.136202958308903
48201520100,1.261312775875795,4.087252092740976,1.2670399118375262,-0.26613866153988835,0.3290397441197488
48201450801,-3.9899856191951684,-2.4308274401506176,-2.92177345837646,-3.523505650441828,0.18972508644327274
48201451902,-1.3499417852161737,-0.27183301216958017,2.66904900210938,-2.447346285601257,0.3018473070810915
48201453403,1.4788378953288166,0.13588632667533432,-1.391144810312849,1.5878788455466464,7.122141893249359
48201453601,-5.3440097902740975,1.2143837311869026,5.6103117332822965,-2.981489646426073,1.845009583353338
48201453501,0.6441530564644401,-2.2582797107545742,1.142553274737718,0.5712044376731674,3.275548963790303
48201453502,0.9218220817226274,-2.200683661027173,1.4012530905866805,0.6433170423953888,5.486149369449925
48201410402,5.186555936566948,-2.0153519391283883,-3.7678536634670596,0.0002756489338398306,-2.9214166213910646
48201421401,6.940389276443033,5.812810281451019,-0.15804773170196595,0.0011320131266028802,-0.3941531061643088
48201431302,6.619894830749623,-2.1672306820255987,-1.509218796332507,-1.1894098274652622,-1.9752101541692424
48201452202,0.4324324422550623,3.0110777384502123,4.858418642939254,-1.7464522006846057,1.0323853030542172
48201451700,1.9565183014868601,2.6045993525239206,3.3044378330360127,-2.101680427362506,-0.10515639316501349
48201251000,-11.683859802984484,-0.6290685275149867,-5.484544080563713,-4.767116522183869,1.726248825267793
48201421602,5.3136300269615795,2.0233957336702173,-0.6839316031749907,0.0023613352477642167,-1.8360164159723429
48201350300,1.161565170538075,-7.03453508130046,-0.23970662215380303,2.9018287808170173,-0.885895535479528
48201350500,-8.802791060381008,0.9931551726905288,-1.1531637400340806,2.734661765293715,-1.277822696313584
48201240101,-1.1030468115888947,4.5050653928867055,1.9511829159335496,0.7717127014582594,-0.08862339367319647
48201333906,-3.2788062188862486,-0.07800468185763286,2.219688146633572,1.64002270028709,-0.5202442169727657
48201423303,4.481287007764623,-0.02288217685384109,2.5400348583061665,-0.8535038665803093,0.48439989923858284
48201422403,0.23938248556966482,-7.823725009150332,1.081972343468286,-0.2664890439420533,-0.35066586278482137
48201413204,0.3597444271567456,-0.15013683402929937,0.17681455840326854,2.7278570718439648,0.688741704721741
48201541703,-14.646306213290453,1.3981820230753843,-5.653090260546586,-8.744710217559602,-1.9095999244131954
48201330902,-10.018553385546793,3.5429048980118605,0.24868991663306544,0.8401044154613249,-1.175726388078379
48201411901,3.4142844266019035,-4.975993755623548,-4.743875471480996,-1.156774633383141,-1.5159640905596163
48201422501,1.4526644538602294,-0.8365993954017467,2.851557458790152,-0.0704572429584047,0.6880575959729194
48201330901,-7.355524015684561,1.3286368494929133,1.5635082455696807,2.7032394282620498,0.9435196823107171
48201330102,-6.465676303287537,-1.7586662394742532,-1.3048178464861595,2.782605005550764,0.26347244225096056
48201251505,-1.2303701256098272,-6.9264803070853915,-3.5312286973949525,-2.8650048115875375,0.6441372268934411
48201410705,2.8471350303849468,-2.0375579115117235,-1.7140196208912788,0.2414973375246794,-2.334405816109633
48201540504,3.1573158268621278,1.5831430681070504,3.187327918513921,-2.539978754909988,-0.6201165496234244
48201421802,2.784353303156226,-7.682196082576984,-0.044945935237859586,0.29924284160424885,1.8009717557580158
48201454504,-10.52948997714198,0.6687115496304902,-3.786931418687001,-5.559056195732831,-2.6210871405017926
48201423304,1.2604265877522653,-2.4625248192952625,2.703800968611,-1.2003938245925538,0.4199021280357986
48201331603,-5.73989164744182,-1.3190687865944144,2.001852149872155,2.7348870473622626,-1.8326862862266338
48201451604,-0.4366485374807768,-2.9148348327044213,-0.9862654323841521,-1.9019534670656995,0.028136937484635166
48201334101,-7.426008605299288,5.765261203313688,-0.3814391014385595,1.746645134725451,-0.7817984326187672
48201241502,-3.275983635874619,1.1695748831869714,0.19887232838856933,-0.3861524685373052,-1.6759189121857292
48201521401,2.579308831468824,3.247117820219039,2.012054560220331,-1.2248406856682916,-0.6267407293127296
48201530101,0.53421574319222,-0.5929462403861702,0.40097393153812927,-0.7131502566924227,0.4110461272373156
48201541802,-5.330453727083769,3.839521058721487,3.009024515649152,-3.1282730409762456,2.6117863801558774
48201522001,0.6723787123808506,2.555411730025773,3.018427453711592,-1.245269977264096,3.0592479912320565
48201452701,1.4159742496618481,-1.2958532142329802,3.8678968177264568,-0.8654020652065881,0.5825734393828921
48201522102,1.8913317787005834,-4.434700609313465,1.4468983069804264,-1.4569006669463058,1.9186902914594977
48201220701,-2.676860663015084,-0.030313744354560503,0.9966765067963733,1.731137050102415,-3.1542120095147403
48201430102,-3.5372156315576615,-1.4598720853564966,-3.0829326107686637,-3.670762534503675,0.29669656572592606
48201320202,-5.565414430714572,-2.174250584176842,-0.7351838080405257,1.7089897932167786,-1.7919867236137181
48201320201,-4.004158523273681,1.196978880252072,-0.011228474602966127,1.310529449631578,-2.1723659361689625
48201313802,-1.9396776103562672,1.0512572747106554,-1.425537153041342,4.842755550549007,3.7817446133777413
48201510602,5.788237021130199,1.516511565112598,-2.843371411863319,0.4922666702848873,-1.6705189794524513
48201510801,7.3093719727208715,0.7534353317778597,-4.404671760186046,-0.7510622055187454,-2.6858915609990115
48201510901,3.070403673829482,2.0951401929527083,-2.7472856629134985,1.0153605528097713,-0.6411540498878084
48201312601,2.893659176683105,1.044231651540555,-4.747066624049925,0.7480220854309372,1.7482044231549965
48201421900,1.2854027508489079,-6.670077893542334,1.168916735995379,0.4035787547956561,0.8881301797913451
48201422100,-0.31960109536434544,-7.141123268595138,1.0614333637829685,0.9438062671974867,0.2161045097502144
48201422200,-1.269001576961004,1.1625808807129514,1.686837460766553,-0.611691385609194,-1.098062510729219
48201530600,-0.5312542688812847,2.05529702021063,0.7921046745845072,1.126679791778971,-0.941209627549105
48201511004,-0.14365898463055896,-3.1008102991069126,0.8197370706388294,1.2361268619017756,0.07149146019202586
48201221302,-0.38310734885511666,-2.8915677009492637,1.4151860356052854,1.7543458128157,-1.659316834511605
48201311501,2.8876133436776543,-4.338688953194169,0.7811440336396169,1.8218632401733312,-1.4123266082866426
48201311502,2.2569529664086656,-1.273541426295882,1.5188110969019883,1.3092369772350843,-2.267648784942887
48201511502,5.261937437298269,-2.951787838195126,-1.6603023798898333,0.8973125979564209,-2.7305873346983165
48201333203,-1.7607460376601363,2.3660656767675214,2.000229529559682,2.277344142914506,-1.1135923615586325
48201311701,1.1708408168006772,-0.3593938363314895,-0.9126823575616125,2.8372169456756846,1.8637361162389774
48201313202,-0.22338087940339071,-2.1998472166691823,-1.8444219039055987,3.09950681367936,3.767168013885247
48201313101,-2.070650851113245,3.775993984828219,-2.5559130735697746,3.289044802254376,4.8424684400166464
48201312603,2.3880438916902333,0.07603284436896075,-2.025807723141983,2.5517703740804554,1.8675965972538515
48201251504,-0.9688922373126083,-7.870858197820647,-3.5997908342917437,-2.1224534854556296,0.2882226003131219
48201423204,1.450176964214988,-0.7854535127214342,3.365336091199846,-2.6470265331269447,0.7401780337488432
48201454502,-12.425913952037321,1.3582802300349404,-4.406501577423348,-5.788485513015266,-2.224588646629257
48201413100,3.2999511267299435,-5.379603031595671,-1.1746468415298779,0.7089265406617071,-2.0141449386929358
48201430200,-0.2829893508961986,-4.3603240893515895,-3.5647550781112503,-2.835269138441667,1.39698566729649
48201420200,-2.501497639391858,-2.0956225977091805,1.2305089860707084,2.4711215587600863,-0.827996759194295
48201430700,3.711136535801081,-0.4689193902073665,-3.0212384596952075,-1.6131547303986244,2.8694346348562147
48201430800,3.522775288861697,-1.2380939252838628,-1.089890012662639,-2.5547227765699922,1.191575661706154
48201430900,1.0646919418234055,-5.494142876722055,-3.3254761311053604,-4.354301490513044,1.20728688014827
48201311100,-0.29738370895218325,1.938740453415941,-4.93618606741828,2.9790650692290623,2.4554595448799814
48201311300,3.998455916350725,-4.869074706216427,0.5415757008754216,0.42132239164325685,-2.331884200717499
48201311400,-0.43741084761901405,2.6172541648935,-2.084001675658217,1.2478741846753831,-2.2147245948607557
48201530900,0.7967494848689801,-4.092045465622333,-1.256728974767682,0.6841121398924197,0.018846791973540975
48201531100,3.3606108033720705,-3.405332257129652,-0.8303211195325262,1.3638082857260354,-0.2315709104079871
48201231100,-7.757583583662215,4.365060813684588,-2.446610048510532,-2.798232770049842,0.10098725792577955
48201231300,-9.292121929893968,-1.0730899097667312,-2.65134810156239,-2.0605334039619203,-0.16500798105160916
48201231500,-3.789137408710701,-5.796589607951608,0.40957969822892265,0.5313164852795004,-1.2961268487410011
48201231600,-3.5677051383135927,-5.69057500034215,0.2094312298692042,-0.9235771035844305,-0.8685566240419342
48201340900,-11.325734222756882,3.1600924609858896,-1.9193534109436372,1.0294177593472054,-2.1997717266235033
48201230300,-4.454557916333362,-4.0865353757176806,1.521767023332215,2.365530351512774,-2.1656146019990556
48201423500,1.2925905852128292,-3.1830787962405336,3.285230590048046,-2.321125185744482,0.5059198060419002
48201420100,-0.5617389964102575,4.036994320349677,1.751813101118562,1.5700479183009683,0.6473145017189983
48201310400,0.6164454206885385,1.63191255967837,-2.8658547581248612,2.894340135081351,2.0668078348823373
48201320100,2.034260218917333,-2.21467341888998,1.0233930542401217,1.5990952406211858,-1.6827262122426658
48201210800,-0.3570915802654371,3.429338247106984,1.2024330982597495,2.0096325326975353,-1.5471488518357952
48201210900,-3.6906952942757774,-2.924280664650565,2.7155990105004837,3.0823710691740005,-1.3914454601665964
48157670102,-4.145868162813725,-2.4025143491660867,1.8682210847475869,3.360482714992574,-0.31995473975892924
48157670602,-13.076005699101934,2.9816645590900976,1.2553558923726458,1.7769474888933567,-0.6096388435495651
48201210500,2.266375699196766,-1.3993927556105061,1.5697528076972405,1.2833158803256048,-1.6144564379576993
48201221400,1.3709727761587402,-1.709009858604452,0.44291698119059963,1.7959286240855883,-1.3217778571601007
48201451401,3.052228296474599,-4.596720412288975,2.4021596738386903,-2.256875707627117,1.063709718853914
48201212500,-2.114348074334821,5.738609490615755,-1.7382590752428235,1.6544167879984142,-1.8093808878254247
48201531300,2.3006692591676035,0.24506330330412385,1.0671645682623665,-1.0310685658503216,0.8607070707093742
48201531400,0.8447699179950916,-5.1089740150897365,3.0303117047410075,-0.862209072608486,1.726314999771892
48201533701,-6.419948707561397,5.095858412084422,1.046333342180461,-0.16792997806963975,0.24822775071926012
48201980100,-9.311654954567599,4.377980542038182,1.288116905780539,-1.7840617303437944,3.0135612470781767
48201231800,-5.184455639714108,-2.2965240319561717,0.5022782725394194,0.45627157789585887,-0.8268239297763357
48201230400,-4.712745258986977,-2.547669031490986,1.3360415917227728,2.4021489031516277,-1.787246851461368
48201511400,4.741867336406129,-4.902962688378692,-1.6893144216671065,1.948071329615505,-1.3602752751785723
48201233600,-9.27396803723275,2.4701109810930086,-1.4050227569964846,2.277960726292759,-3.7032971735088256
48201332700,1.023855946802717,1.8880946676916328,-0.46334998877401246,1.7926351781895147,-2.6422001115345424
48201332800,-0.24347582888932107,0.2847096563291324,-1.5309329554449067,2.6635252672851126,1.3633813137062303
48201333000,0.018799464308242874,-3.145530075678259,1.4638232365808928,0.18984845701891426,-2.461423112986742
48201331700,-10.163486605203635,0.6160957866893044,1.5691387733941535,2.108145256924407,-1.990467490523078
48201331800,-6.642286798018515,-1.8463805400114455,2.492180072666703,2.4722251324081848,-3.0738546992559095
48201331900,-2.79715084557126,-4.538293663463804,2.141035949256071,2.9485362645935425,-1.3700228266026004
48201332100,0.09654088477037459,-5.254957276397304,0.18843668068598393,3.195825481579976,-0.3598718673939246
48201332200,0.3397181258357402,-1.0960163146481425,0.8467965690104802,1.7775988220223236,-1.5957201439582
48201332400,-9.95254000801891,-1.15517441423832,0.33958098097874617,0.6841799603436571,-1.8504774765930774
48201332500,-2.5445160514651683,-5.055953539727866,2.0801610127378374,1.2810703662328224,-2.8008702617356693
48201450600,-0.019154891098619026,-3.5528314895664184,-0.5058136313554302,-3.1460206126498473,0.7943502384486374
48201450700,-0.6840974890392375,-5.270296739828674,-0.9307532456050985,-3.8317649219513403,0.2922871434014187
48201450900,3.382766859582652,-2.7274193570219265,-0.7480372543873379,-1.7599983296290327,3.2616929719692744
48201451100,-0.673349309755541,-3.4906445333148843,0.6051924302019118,-1.9487107218503923,1.6364528861276981
48201451200,0.3567869396647944,-6.929840967084854,-2.093501386075929,-3.1756975656644486,1.1198021046136364
48201312700,3.053184501019407,-3.4319988941152637,-0.801123991160976,2.3401159857845215,0.9774775735211464
48201312800,0.1788435520370112,0.5527982876332176,-0.7958786859951499,3.4191018637037343,3.68217848428836
48201313300,-3.688243737822453,-0.07392223556299547,0.30298962946007013,1.2688515036842882,0.8661317382966074
48201422800,0.7419984171372125,-0.8928587109607276,3.3882061216675545,-1.4736272540869955,2.249179649114459
48201422900,1.7038430401388291,-0.5170080756151527,2.2752670993946875,-1.1935461666963247,2.5513351503873145
48201330600,-4.3827823691943895,-1.3471320516486616,1.6702252640971462,2.812462247909396,-0.7999536847355141
48201431701,-0.16541921232026546,0.3114243634993649,-4.2272349466794665,-3.0403511324858177,-2.5995340455344076
48201431702,3.2108537676671483,-5.490285152747792,-2.486710833774032,-2.0282822519096353,-3.302760939812516
48201431804,4.654682084169096,5.486573013557971,-5.143006291064745,-0.40365743953684335,-1.3258139837982443
48201430101,1.5413264448448385,0.6828608743062642,-1.2345317237172861,-2.1616608717299837,0.5216242120212958
48201510902,-0.23592907612436148,3.941639407129191,-1.048489455066421,1.346538673795091,0.7252871747356966
48201510802,-11.679218807191011,0.06743821882690686,-4.03866656330622,-3.846629378292143,0.1902326456429357
48201232703,2.054503026562496,3.6302290401224795,0.938265779666663,0.8171607428015627,0.24082965663949849
48201431901,3.1584660939934754,6.4121517978835225,-2.0051677486774526,0.6949575368312332,-0.34843366571719964
48201431506,5.423431976350082,-0.3521710325444496,-1.2029915668212783,-1.8011777569084562,-2.0316044378908744
48201312902,0.059566671489510954,-5.1112703351377045,-0.8255745413281832,3.3596297167677327,3.178366783597616
48201510601,5.643287897054911,4.4595643882581895,-2.520963610202413,0.5639162691518278,0.4959891009545536
48201510302,6.182557780977556,-5.38663287027357,-2.7682439960305953,0.8237059537514166,-0.7767009047135747
48201333204,5.929071867431323,0.9104919888542049,-0.030954607058349095,0.26843576042434986,-0.3052290637239303
48201312901,0.9307248018653927,-1.7504205044514975,-0.18074972728899594,3.6669739577580627,5.451260365583946
48201410202,8.444599009190018,0.31687238716342925,-3.333473122210127,-1.5798652144281315,-2.5614480472784256
48201411507,6.499236403115873,3.603354531558777,-2.72203697791895,-0.7349114527150005,-2.340617882822642
48201411301,2.460316437712063,2.0195429068271125,-5.039652653876852,-0.6938167821504615,-1.1841097883166634
48201410502,7.360609072795446,-2.6104859447674005,-5.121765056837346,0.6609294260651141,-2.1675979888955963
48201452900,1.4701404007823207,-2.509377795675359,4.560160106300915,-1.3666478433224716,0.40035799420176815
48201453100,-5.2872101440539945,3.6784726462855377,4.066495986727481,-2.4654082937550292,1.2432241343175099
48201421700,2.243765544739436,-4.994595397622551,1.6303244741922263,-0.6055267120432869,0.7525585023002541
48201330200,-7.361933131723323,1.13741138113651,1.2810199342636364,0.270943447363637,-0.652027639287692
48201330400,-7.297109496482547,0.044339350443434976,1.790489929361418,2.552876330023726,-1.4182723591633843
48201330500,-5.4093927335498915,-1.1359470395213422,1.809505413665816,4.037102191305549,0.3351779157036686
48201231000,-5.64400052482101,-2.4873829716166007,-0.31548738990002206,-0.07323337686026153,-1.4865748943974408
48201220900,-1.9508194607443716,0.7861509867248124,1.4963368303763265,1.6530471388542902,-1.652155468591216
48201221000,-4.946837910514702,-1.0861021916720006,0.4010589860190857,1.8618074942542495,-1.6428192476558343
48201221100,-3.473178399673177,-0.7964787437567739,0.5354513494501755,1.6405186402350935,-3.313642056099483
48201221200,-0.1347344413733172,-3.737495117401835,0.9568927057552067,0.9984037940521392,-2.9192560400840937
48201230900,-5.125258876450993,1.5163093969298034,-0.8777730467786093,0.706397144342899,-3.0742696481521965
48201332300,-0.9326123115285619,-5.860493424034291,1.7344380477345984,1.8368239019648653,-0.1376756376950496
48201432101,5.518839333709297,4.634864093064682,1.234182695441788,-3.44382731781287,-1.7422412992564844
48201312200,0.13707786955537699,-1.2327026248010693,-1.4381765234471717,5.03737344262153,4.446918643603715
48201312400,0.3906268560570134,-2.6686042115664907,0.2728038291795403,3.4300203522672623,1.8995824509114878
48201421302,4.838190773376211,5.749541236605481,0.03245327719052716,0.40240566265277966,2.19617356470828
48201421204,5.947400915236682,4.162799815312759,0.33993872194478764,-0.8545564833275165,-0.23693761521417037
48201421801,4.202934654803636,4.716876111336617,1.3900744113637558,-0.4912325650181815,1.2976966572517319
48201421301,4.971310050106446,7.966671510061239,2.550545615886315,0.23645404143197793,-1.1582733568191679
48201421206,6.520389863275184,6.391169933437006,0.37877879102751677,-0.24490615727175877,0.44609579479569794
48201423203,-0.3209204438883498,0.08670458487558017,5.00314982671107,-1.925210631664482,1.2556647752503622
48201421502,0.1125591550538059,1.4621623284022813,3.205432111691618,0.44334338381214883,0.4492047590822967
48201451501,2.0499194952787927,0.4245478292187862,0.6719456726140896,-2.1000612858428704,1.3522802298792338
48201432006,6.372626429773479,4.733281899683946,1.0536418013733544,-1.3802428456191056,-1.2995258636317402
48201521202,1.4699839594437627,-1.5515946633515454,-0.3234997498682331,-1.3181793807664854,0.048304621489816395
48201320901,2.8660292026780345,-1.702852774423364,1.7541362908954141,1.3841860519003515,-1.5737300143721202
48201452102,7.333161715056034,-3.287970279364583,-2.2434916319066462,-2.2476120986263215,0.8876948639596282
48201333301,-0.43820992139325454,4.164408736874356,0.6847031179702817,0.668094915205278,-2.688875734294917
48201421103,5.402357544370148,4.894217541981899,1.9030922174851703,-0.05420049654069051,-0.22417709223631527
48201530102,2.262922673612974,4.753119329450323,1.0243435004577932,0.21759800755015948,0.5102570303946796
48201410601,5.796861422863992,3.178956142600037,-5.896783273345253,1.6790177580238663,-0.07082726466933524
48201511201,1.5082892335261402,-1.5863296650641987,-1.073905811648516,1.4461500335399111,0.0469586181348938
48201410706,4.953420368367142,0.5320901844323396,-1.4286350915780184,1.3374726916036839,-0.642689578078746
48201340101,-11.977409451108198,4.523195322772292,-1.8290376949236218,1.456891532242761,-0.8875948351969118
48201241501,-9.642869401188582,3.2633579820175527,-3.8343361750329463,-4.12752708978854,1.3692173847074312
48201340502,-2.929339255539223,0.5523698431294671,0.43568738370298743,3.3599806640929946,2.8339544402554817
48201340102,-7.879991631529684,2.1270062120940953,-0.8765854756802313,1.3448307514985163,-0.08925634001622827
48201451302,1.7794673613068739,-7.544340804818729,-0.23048377701629555,-1.865071067669689,2.2176605775066864
48201451903,2.6299798038659703,-0.06759780973403837,5.149288279541133,-3.47011384609856,-2.7755083446998556
48201452001,5.229421997413483,-2.787234209036465,1.580558303196133,-2.5585385314390043,-0.47658127609541445
48201313000,1.386252210421661,-1.8199520240443379,-0.9652013290600375,2.7430840872284223,2.1574884880478593
48201452101,0.8167390868969187,-0.4841416132649785,0.5633824228501716,-1.1347700382646482,1.7071553217507351
48201310102,-1.5971072044584411,4.254862286110287,-1.299127973393706,2.7051715962161027,0.3069639073912402
48157670400,-5.336207203705345,-1.4104662293770214,2.3534974800486577,2.552437749882604,0.7762044623244401
48157670300,-8.920304376149064,-0.6155949009483704,2.4818682802550374,2.7371933798593076,-1.3015730861234285
48201511302,4.3228159659047565,-5.760828148905152,-2.775643699398197,1.7878186693876195,-1.9353745227621353
48201520601,1.0235127522257017,4.405948552146442,4.352594504030213,-1.7525670226116166,1.9414330036136336
48201212300,1.5542092103489809,1.901018637677907,1.2499034474435486,1.2530147819173152,-1.7811540066680391
48201212400,1.518746186353247,5.952343394953281,-1.5199351470695062,1.6561142946352767,-2.020054771832081
48201521000,1.9374560159281213,-1.504391917388285,0.8572740124767103,-1.6450068715255124,-0.4130685729810239
48201521100,0.33155014710154884,-3.2531077620433426,1.5727195345214544,-1.3560858416996513,0.41756106145337235
48201521300,-0.9269822076994912,-0.47703050493945603,1.8818221874974397,-0.9354564219598032,0.9240178864524856
48201521600,0.6599006778372116,2.7651745315545475,1.7989566359374993,-1.0161978869976376,-0.21762133731329203
48201210600,3.5505621779942107,-4.527640091871547,0.5770180318632755,1.4358247317687751,-2.0440786296255222
48201210700,0.6864649295781842,-2.094142772574737,2.0414402056336693,2.178385568009605,-1.3031173855632674
48201420400,-3.7923361502724218,-3.7754067941517873,-0.8936247287359327,1.5393073618300956,-0.9751774773248308
48201511100,2.37425640694725,2.562384035949979,-0.553331427771744,0.8433428068366495,-0.21675358834555483
48201540200,-1.5376242490758016,3.6553650561010844,2.3400437257007383,-3.1241177380224743,1.6803177672451137
48201530400,1.8410663262845122,-0.8649069035174937,1.788905227159014,1.575420978965093,-2.636116839196446
48201321302,1.6993823038934155,0.044335930398159244,0.3347197440033826,0.5649929375811094,-2.147446688425935
48201222505,0.771875225040367,-1.7510517132117198,2.3765041467881303,1.1444800284503382,-0.9096114618284096
48201333802,-6.2522043427941245,-1.1915158802321366,0.375098923827331,1.4482911465775277,-2.475662922673835
48201542305,-4.005091989044007,-0.5187541817472202,3.9109141578555553,-0.9566223280030023,1.6344891045524614
48201421601,5.652656770985762,6.919277688602705,0.34817774478015345,-0.5665982134354036,-0.8715190836981567
48201421501,5.247671851843122,4.552851546693333,0.3014861390402218,-0.22608676465361618,-0.7109110849486925
48201423002,-5.000731086502723,-2.9142670654816016,1.9794878125380133,-1.7852408656856156,2.889597677986103
48201453603,0.5629818766220419,0.9345455499207388,4.932259445658535,-1.541115687048443,1.3777319901037128
48201522101,2.8735283361892963,-2.9922439633564655,1.46119308578012,-1.8642790283121864,1.8836107858394862
48201350201,-1.5757483043349625,-3.65070023090684,1.944659956550817,3.288568684811056,0.5259639530762057
48201321101,-4.021018427883129,3.3757207906438444,1.0949735702029113,1.4213679047261187,-0.9069272735276305
48201453405,0.4567384195405107,-0.08260871250840099,0.443369189401811,-0.43802737620332705,5.562066663198375
48201453404,1.2615812179421686,-3.5259293840548622,-0.8497644094519514,0.808040312816056,6.601212087449471
48201453702,1.3866125739489763,-0.5856275086548162,3.6975191675311962,-1.793529513012851,1.9375178348295683
48201453604,1.5721072540576047,-1.7717048717289279,3.957503520561985,-2.1908221921271194,0.5866909026831245
48201433601,4.011425671440883,4.401076527709237,0.8804519553870881,-1.8967163279466526,1.1670893352239404
48201432806,6.657351138698616,4.497631050517595,-0.46703750949566836,-0.6063338632054909,0.49430956154678385
48201432803,7.454962164891711,2.429522055381039,0.002577346521829955,-1.2183507382418504,0.5215528708239069
48201432805,3.5242661737216396,8.318483857380434,1.8648283237643692,-0.5662855848554682,1.8549024343998435
48201433505,7.265654406264182,-2.850049575254729,-2.372448451867105,-0.7869307021660151,0.9436130416788895
48201432904,-3.2202111308469723,-3.1673564778493093,3.5770539409223883,-0.9998686301942823,3.334012699650029
48201433504,2.8949031692017804,4.316846916953162,1.5911834098323794,-0.4942344416150722,4.331567260491786
48201450301,1.9954837709950528,-2.170416017603086,2.913192681185299,-3.368822245999066,0.9987468135602315
48201450302,3.3016840191017183,4.069715867274524,2.3865604870690023,-2.3028877404588926,2.251619780688653
48201451606,-0.6329347872109978,-0.8513172003514367,0.4063762569102887,-1.590496211213422,0.47959935934007236
48201433507,3.444253508738077,3.7284669849177625,-5.932154446684869,2.394346135627447,8.09006191405557
48201453002,1.9538753904868285,-1.9551409921900607,4.9866796974732495,-2.075435909947888,0.10717860192437748
48201451605,2.5852641777025296,0.568626162889806,0.19485443294444504,-2.1146341408469103,-0.6071950528719293
48201432502,4.521421723996737,5.860810646186718,3.158769128659117,-1.986767498900616,-0.8381150720540421
48201453001,2.115412396508622,-1.6579534690587745,4.902113825312218,-2.702987824093807,-0.43164728856350765
48201433503,3.25697532119275,3.020241565938562,-0.1602588229615438,-0.05399767121510135,3.4101373283191276
48201411700,0.1791588945110282,5.625043501502097,0.2016338893392456,1.3342916932135929,0.9194190185029519
48201412000,3.9096931053978494,-3.2145942189827,-4.12155889705395,-1.2771758074594115,-2.719100072398951
48201432600,4.754572004839227,1.4199813522530083,2.2966421512460404,-1.4762248438564682,-1.2015235520307812
48201211302,0.2983237792811529,0.31622541452605074,1.3480620970664705,2.5656713438579137,-0.5721898107790145
48201341002,-1.9913714802321258,-0.2665641541798782,-0.08096970708433458,1.7803562121579726,0.4156660719600116
48201310101,3.036054087774565,3.8982285356957846,-1.8818137061734874,1.6173662146235477,-0.9348144572027457
48201510301,0.44075136201020576,-1.8540766286504193,-0.6801313074136459,0.8202020068529955,0.47643107161180676
48201311001,3.2164173820919397,0.5539250690672678,-5.435190167350677,4.266140404687463,3.457572479773601
48201340501,-3.843378161217327,-4.543935665716067,-1.4762187015994117,3.0846797675643565,1.2595092025794874
48201100001,4.577103116092748,6.055695150929001,-8.226440541358695,1.8821132632827826,0.47161881086379726
48201340702,-1.1614642654885834,-5.752396848688557,0.09267804488564409,2.76039006160344,0.2884469774943461
48201433004,5.6602082617676945,4.666702408198432,2.1413851986403447,-0.9892481276854758,-0.25495890808200283
48201341303,-3.3361468963351584,-2.494637850242368,-1.3657288486847619,2.3968903601270855,0.689791052469534
48201432005,6.9870998930167945,5.676268531058562,-0.009587678425278372,-1.2569807042320682,-1.9833344979937029
48201532301,-1.965991172971166,4.042348164184422,2.1124636494710494,0.05970868610524282,1.024618972651203
48157670101,-5.5767886366943085,-0.6548883901496467,-0.6494738529583822,2.9917582820022512,-0.6034350262498087
48201233200,-1.9271664103630592,-3.488643200768388,0.9712399371497756,2.4739961484188657,-1.7964720501995546
48201433602,5.24426687725654,4.856442175873493,3.867881038763411,-2.811596389255603,-0.9744645154236481
48201333205,6.043010157052894,-0.22287933389147732,-0.09313026177386403,0.040900797861810466,-1.0749692210084583
48201422405,2.8453913932469317,4.647789869198825,2.5633759826357387,-0.3053323089386359,0.7813233629759527
48201433506,5.041009102323413,1.3470544441222194,-6.472145085245117,3.438668043610284,9.613148016575241
48201321001,-2.3248827402396652,2.2033357966993345,1.5826260138735322,0.9651283105397545,-1.9887992970062416
48201314004,6.786423540689913,-0.24867662136927257,-0.1309476807272088,0.4704032806849457,-0.6886225823994448
48201432302,3.8188399925951764,1.146570468488986,-4.199065214570988,1.7141970546099046,7.991187088468168
48201421203,6.461155531911956,4.452030835405336,0.8694597476650828,-1.6054549342009008,-1.1494205331265392
48201411802,5.637730513089994,4.605774275517496,-1.6405675436645044,0.451471747616073,-2.647532998572689
48201452002,4.020936056291506,1.53292489043111,1.99865202733687,-1.8568921863507863,0.2830049457019348
48201451404,5.30746253565915,-1.7856424454568132,-0.20291594481698164,-2.606815998518103,-0.6500538792733439
48201240505,-5.301795305616573,1.7890441450639585,-0.6413229421221861,0.32463830227373125,0.17962491491112165
48201440101,-0.9311786458637652,2.5112902014861267,2.598702060746499,-1.0488308600682321,2.007645758881164
48201410501,7.7081713877541285,-1.7883677886106182,-3.2681096784747954,-0.3138425157666745,-3.1508557783831734
48201530501,-1.051103846477101,-1.9011915391973253,1.6400819247654184,1.2298356806449433,-1.5811369864382903
48201530502,-3.420551765405557,-2.627211030029266,1.5271289903417904,1.3649508795959941,-1.358029310293043
48201313102,-2.6485159457479095,1.6303098833238572,-4.3059862599691865,0.9139227734536046,1.5579377128932026
48201312602,4.16064808193967,-0.7119588875162329,-5.186352972052389,1.55219407496772,0.6399177485158678
48201312502,3.7125262455251913,1.4692414942335363,-1.946051827085779,1.6501148972252389,0.5969638703019426
48201410703,5.9304545589968285,-1.0542739477022895,-3.3558064949745274,-0.24825974995110825,-2.565155242644092
48201410802,5.1333180131112455,-1.9911566524525577,-2.195361550913378,0.8400756331499504,-2.3861455622973744
48201411001,4.140004692745256,1.9308535621223264,-2.2075148166569014,0.4222817646319725,-0.8575493533792096
48201411003,6.882442542399573,2.633739228654587,-2.6810796841652693,0.49949638182715916,-2.5473423024291146
48201411002,8.00989019633142,1.306723824955254,-4.475880253972828,-0.05053906986472363,-2.5668630670505763
48201411503,6.192366718240578,1.8612746842577108,-1.7318832169183105,0.05064749612020315,-2.333760138316806
48201411801,5.284023723978819,1.3036707767918394,-1.4434456935951967,-0.06318867821455842,-2.0086524031023707
48201433006,4.954101012143957,1.0357523048492219,2.1141450960702146,-2.1897949333511706,0.04999768735318701
48201432903,1.6601031709776133,-1.538318954495572,2.9634576558475887,-2.6187832663288053,0.01355724633853298
48201431203,-0.7080875571019092,0.5952006619469068,-0.42935524558869176,-5.599130938982504,-0.2282183784755974
48201431403,6.351552541731246,-1.5654931026357575,-1.9164779039098947,-1.4053137886295892,-1.0700642341868942
48201431404,6.983787386790716,0.9640854345589174,-1.668941596983274,-1.5235217318232743,-2.2529716519425267
48201451406,-0.840416177404925,-1.4753196416073382,3.8786917570927715,-2.852225408338122,2.067347539167376
48201431206,2.1939054501836757,1.6915934977943166,-0.7565618284935284,-4.570533290047597,0.39765411532447686
48201431205,6.568993509938509,0.44089902889241706,0.4711306558132946,-4.9565319309558715,-1.0417742687162352
48201222601,-3.2383309197544787,6.00651576424411,1.6585425460734564,1.6351040920664337,0.5681749420763577
48201432704,5.3448370933913,6.158307424876002,-0.7234020411900666,0.25673393373162545,-1.1111914909146419
48201314005,3.2843248925673922,2.7238881895606895,-0.9776067470291311,1.2691331887279234,-0.2631566206038962
48201432703,4.621194498749958,-2.427940352137891,0.23057625904445728,-0.6106979389026308,-2.8168402415367417
48201431304,6.169789211630438,5.074888297328165,-0.8547365857611979,-0.5491252979234744,-1.0776155888045764
48201421104,6.378712315487629,5.728878499994449,0.32961074660757567,-0.636452002822831,-0.6877191793845697
48201432004,5.396780356282831,1.9333413971203526,-0.9480679805402082,-0.4813830946598047,-1.5745350385129417
48201431504,7.782794866969672,-5.013718966981968,-1.73814403950466,-2.5215395133952483,-2.491633175679543
48201431503,6.665433488710093,1.3098120848756014,-3.3693115802004585,-1.225781525533542,0.23318504840124604
48201222602,-0.04402676616436746,5.290296483999166,1.66328474595517,0.16931836007417486,0.8542134185814211
48201551502,-4.748839056613256,4.298116295998384,1.7209122082334263,-0.6076942963402915,1.2427379044561113
48201530701,0.2307950287976953,2.7412911427685422,1.9724208666965857,1.0554060904138698,-1.0723016575514086
48201314401,4.311982839267551,3.972335122210944,0.3080144736577957,-1.076489961940873,-4.199133370534142
48201980300,-1.8203082272682654,2.1401900309887774,-2.133908157307663,-1.2467815790060528,-0.3005623584661363
48201312501,5.156504290325145,3.181580098408481,-4.152411451388906,1.4717494916416443,0.29896167518058947
48201510702,7.003871793336519,1.0572392797929342,-3.8340207703039217,-0.30499869856822176,-0.6692764922320885
48201431204,3.2282941228066013,0.6031185097968836,0.19497833167549022,-2.6402966314745884,0.8401743380504154
48201533301,-2.3289521222445515,-2.686736256411319,2.003301695402518,1.9790119664983168,-1.6417711037450688
48201221501,0.26768546058092724,-1.9256872357287993,1.4384513700825994,1.272983232818528,-0.8149041517303908
48201340201,-11.061668106597455,5.4364223143289685,2.603552690468448,1.3380855581637472,1.2814647588006514
48201340202,-12.74296024414498,3.3307095794926287,-2.8148682899431576,0.6641804643537117,-1.5965165885889363
48201324200,-1.0293288747210059,6.219405321403866,-4.590621049218168,1.0742226960044317,-1.4353114804220493
48201313400,-1.281639423764187,-0.4596392325724771,-0.22793245364874015,3.3600288564867773,3.050820513395698
48201313500,-1.7066598438812366,-1.2418351632795497,-1.6026337444812997,3.621991250863476,2.6576149934185285
48201313600,-0.9773332691406967,-2.244895933359326,-1.825445636617221,3.9928445777580337,2.7703293426657054
48201313700,-0.7502238862913954,-1.8757225633109134,-1.4335777379395296,4.262031150430977,2.031289814796488
48201450804,2.4252249289871637,2.96628134631323,1.7835003435179073,-2.3878836341274448,1.2468171525283993
48201451006,4.735533518976853,-4.896553336915579,0.9803596904822067,-2.5921386313622574,-1.5991578632761088
48201451904,0.859734946721525,-2.8265706945070654,3.9275700936756737,-1.9799463223413016,-0.6160608191394359
48201451301,4.75389925408702,-2.212944272070464,0.5285965643564252,-1.8574111134097866,1.591586177646679
48201422303,3.162429458167062,-0.37065796520804417,0.4872764640654647,0.1308692373477346,-0.5028398185415903
48201331604,-3.5298580901221865,-0.9951504927733821,3.501211925611299,1.9424368186671348,-2.809795991226026
48201314302,2.5557401601134155,6.525422988993551,1.4365840838807602,0.824926261251562,-0.29895909951986765
48201331502,-9.643824565300969,3.4966385068275954,0.9408937894802851,1.889948424124555,-0.21820773038506336
48201413302,2.144123776956229,-5.37082741710948,-1.2445684891198738,1.691224786713127,0.8254796617541563
48201314301,6.764707497405943,1.2839716248092512,-1.503568372030978,-0.032003648283230796,-1.4252504776943757
48201413301,2.5291645590358356,-2.4433196273774533,-2.3082788821488243,1.648537981020777,0.08418876334496925
48201543201,0.0542210328509591,4.194194617969677,1.4223046007359217,-1.101575212051196,0.26470267804764797
48201450402,-1.580437745802205,0.9005769969672685,1.1427090862190858,-3.9298008085557807,2.35324840959534
48201421403,6.11943821971645,0.9277045920447602,0.31211948471486994,-0.5356166904101073,-0.5322106549802464
48201421402,9.06429384701765,4.480354973181746,-0.7496273110144585,-0.9892655633059321,-0.5227167817405624
48201240504,-2.2141869580335696,0.09105308718703223,2.3194221890781908,1.6696188628749216,-1.0506458647125028
48201550101,-1.2671095873181675,1.6947508711097319,1.0458639026472367,-2.0444533268163285,-2.1719201365425533
48201240102,-0.8551284394917715,4.690439300616122,1.5381093446692466,-0.07137389623234706,0.169766878714824
48201530702,0.4642148450622364,-0.8886656097970062,1.031673043462053,1.2298425880721504,-1.633542886934816
48201333904,-5.668355495026842,0.001707321155593131,0.07533582899485858,1.6208199246386787,-1.6132798467560117
48201252003,-8.279030277454108,2.806761507516352,-8.56294841699845,-4.698548541384008,3.527296080416816
48201211200,-2.4575313331986934,-2.825011473706395,2.1453125727138955,3.029563028806603,-1.6996025414088471
48201452300,-0.6082676557991297,3.731676028531773,4.906569233791916,-0.8609860022629238,1.527183722707684
48201531000,0.7669717221551747,-4.860865062119086,-2.090260352644087,1.3399357703891888,0.10620374778317612
48201321800,0.35824847203503807,-4.228285047782921,-0.5960998764162306,2.7058657568865887,-2.076762419056723
48201311200,-5.853342323123996,-1.9279073349199607,0.5051269377778982,0.8909082862912366,0.4697301917500526
48201211000,-1.3498387319547767,-3.351542825534262,2.4177595964340957,2.781276743242042,-1.743480130243102
48201211400,-1.0460878409639534,3.569400074298063,-0.43130685030647586,2.1731632641225236,-0.8788072511144518
48201232600,-6.447924602778873,3.0710112000225966,-0.22092781042890047,0.8756277701355487,-1.506642854794765
48201423201,-4.6189025856783275,-2.3766316986299465,2.346241096972746,-2.842749547538831,0.3250491940947538
48201534002,-0.6017254287845843,0.4243327798821282,0.869290830363762,-1.6182217082389156,-0.6151075589350764
48201413000,0.8867947650240995,-3.1431643419501576,-1.1825986336791847,2.272780929848265,-0.3778371464870021
48201420800,1.618093273703329,-4.167800959838851,-0.46495465279346904,0.3020250080811783,-1.0455543903544662
48201411600,4.034810736773268,-3.1291292692394577,-3.2359172793355873,0.9071685697320274,-0.11985576523619675
48201332900,2.568043202236929,-3.2382294646623877,-0.024859368033157372,1.2753478237675346,-1.4915729491942868
48201411100,5.711422872001182,-5.186065822870235,-2.881533181055814,-2.0269336527384203,-3.9482828326947454
48201411200,-4.005211631628787,-4.282520322074578,-2.91520693177247,-0.8210456000017706,-0.7361538778040764
48201411400,4.2259335196960865,-5.18311055939229,-2.323642163138748,-1.1440805413852935,-3.03820533058996
48201211301,1.0178701595976256,-1.8170871496572143,1.2688395467001794,3.0495196766768866,-0.5208033747142237
48201313902,3.045263842201239,2.201903188009527,-1.087131196224087,2.217417666006061,1.3106689842007846
48201341304,-14.595211390116935,4.0159636941650145,-4.7882489643210615,0.5002808708378437,-1.21777666482611
48201211102,-1.7225813221572575,-3.5396521529537432,0.882399104872439,4.074353269396028,-0.9445314651052724
48201211501,0.20240530291139047,4.270992629235292,-1.8788069016405555,1.5627805119129845,-1.4850983938049984
48201211502,1.1717676517704836,2.8113902064152136,-0.8278883515596237,2.6581018809932857,-0.2868708214334999
48201311002,0.7888958657443165,1.177934306117153,-4.717620758942533,3.3285302276894932,1.9873229463557962
48201211101,0.24288639206779486,-2.771471174161237,1.8131587766088375,3.266036218308674,-0.3854223106803894
48201340701,-0.8460505110621138,-5.66586089240578,1.1136503127314097,2.4158599818507644,-0.11529752623386577
48201510701,1.336405808596476,2.7643984481616304,0.4169387745428012,-0.005260270288956292,-1.0188638069751712
48201222000,-2.3268772611163353,-0.6479821466730884,1.3007792227531705,1.1044910105890307,-1.0637212795472095
48201520400,3.489858165128901,2.7799909157532046,1.6521038915706925,-0.40854045001515377,-1.332866222064276
48201310600,3.405389333003904,-1.6639167303965738,-2.664494414158665,3.318357177209995,2.8738303344467355
48201452802,-0.1732214630529325,0.5703027053206216,4.532441935584762,-1.9860636057414929,0.4021441386145982
48201452801,0.7805424212762858,-3.114855615979204,3.1486215397657613,-2.671409705154571,-0.05217604484608815
48201251401,-2.036879856165398,-7.184833832282059,-3.0963152413855344,-2.71575461829028,2.5631348673936314
48201334002,-1.7488017026889988,3.447926420293968,1.6663282513121738,1.3055015873632525,-0.7805009321796129
48201432200,3.607005897941942,-2.8361107790349314,1.4199291796769038,-2.6569941311961007,0.029997995739695155
48201251100,-8.76631919271145,-2.7515250677153067,-4.034917496188368,-3.942722301855977,1.4677663990503265
48201251200,-2.8491328952451784,-6.3829830961417775,-3.1249003813409537,-2.429901885337123,1.5047691976681028
48201510201,-3.252461336099802,0.6129744652168955,-3.0747408207248808,-0.4450903669223554,0.004407460283151676
48201251300,-4.537491785575174,-6.595916354710628,-4.72371226313181,-5.350856603989736,3.081247356682564
48201321200,-7.000827809188097,2.2709391233467233,-1.1019120094142338,1.1714338205969557,-1.145942520542097
48201451003,4.687194902565675,-0.35231463147964137,-3.0405550463544184,0.6561655541956724,4.463311756371631
48201432303,-0.8743660586652019,2.4577418916797207,3.2783286356601598,-0.988490105361218,3.6497814701030857
48201431001,-1.2241926175798,-3.646912801022244,-0.410535507085585,-4.887847815282768,3.4390658157965466
48201452502,3.5631556471152317,-1.8849388260552682,3.7084370408185867,-1.8532902952749235,0.08148330215783126
48201451405,3.2191673349164622,-1.2525559392722736,1.1201058977440306,-1.9522590595710334,-0.08256721331927953
48201431002,-1.0940657740839328,-4.746771201893376,-2.2864754315139084,-4.649430410003031,2.959998493325048
48201451005,4.458661082982183,1.4899951836654042,2.536778796622368,-1.7742597893101177,-0.6943349888932417
48201251701,-11.568149020524944,0.4701864613903338,-5.817817494857044,-5.807812529208363,0.28088006164518586
48201250902,-8.833925359636556,0.07186980637497883,-8.721644803969397,-5.614830191832881,2.0439704488335466
48201410101,4.932931050934231,0.273013428422388,-2.603663616032142,1.32100555537988,-0.6233572724135672
48201410602,6.261776666491459,0.38594421589444833,-6.428263611594461,1.2077148872823789,-1.2793216606503968
48201980700,3.2638516894592295,4.802636441639912,-10.99025925953476,1.7041653784594564,1.8014296428518848
48201510202,3.0432542592741028,5.477304604680201,-0.616565725687551,0.48732294572795004,0.3095312808875952
48201410102,2.7229188965494417,1.185619088808517,-3.6395939428327666,0.8909519093478113,-1.260302843690746
48201410201,1.4734049037327488,2.5925047167669124,-2.5774626349496508,-0.36870320385068245,-0.6173304227736072
48201310800,-3.9213153326643666,1.7057864297218117,-1.5521011783514338,2.278269719756411,4.825249950486636
48201452203,3.7934451765585266,2.7029175390066977,2.9330647907537024,-1.175120300851406,1.644272689513318
48201232500,-6.543876139622681,5.618064358688652,-1.6633400912993954,-0.8138060313814949,-2.2639432025372694
48201454400,-15.162447455630932,4.12263253609077,-3.1050834926015507,-5.447621389694451,-3.2563344768506868
48201432402,2.5254922268077125,3.8433901109555393,4.339034698913345,-0.5741796428299256,1.4385883085640516
48201432401,4.713307279656697,0.6010983428793288,2.3535692162873385,-1.716386964264049,-0.1837133360179323
48201452401,5.170532866871359,-2.1114917828343898,2.6735087015850207,-1.8567750728918684,-0.649482052808752
48201450401,6.1055767425459,2.9968455761644504,-0.06486519404305251,-2.3112617058546556,0.23393701235895478
48201452204,4.739281149540364,1.976266520722805,0.09507008036944559,-1.0415896021088569,1.9473346785613104
48201432301,6.017237375618535,-0.042771643877607034,0.9471053853942643,-2.5357794210224456,0.6799696952682891
48201452103,3.7311430960205665,1.7931561992906582,1.7677979173944864,-1.36850167591794,0.29609961691479975
48201454305,0.9290693123424585,2.094791053545444,4.371393340109982,-1.0920805772675837,1.5435189034460721
48201451004,7.052185672986597,2.2653505301295778,0.7183911258126491,-2.024687566250978,-2.9381157048066466
48201331501,-4.771232299325519,-2.906785773187959,2.7399556825679836,3.0864987319653374,-1.0235813301688206
48201451407,3.7209875090808326,-2.8072393798899826,2.0355109504627635,-2.706056121072234,0.3841895253584894
48201450803,3.996565311052762,-5.494275014365903,-1.465289388547956,-1.5690544781788982,2.2760351107913372
48201422304,4.0065382731237555,-2.325533761148137,1.137290886925775,-0.3519675676430705,-1.794647127237525
48201412902,-0.5278846934441811,-0.18853222155074917,0.7081097161116956,2.4184345663576856,1.8339095185873682
48201412901,0.019373118188878376,5.14829512065559,1.5864937740408795,0.9888789192268436,-0.059121454576546474
48201543202,-15.044621067245641,3.3089018328720115,-3.967201548553223,-7.293497167399786,-1.97701997002487
48201320902,1.3973513307120908,-5.398191337326167,2.620557115126572,1.630649544277652,-1.6917600958001164
48201222702,-3.4461617864802054,3.9326135299505998,0.6935564256474457,-0.6577311097522799,-0.4801386680814212
48201533302,-3.009379520759915,-5.749055212090813,0.9659008298757207,2.1933351153821734,-1.9220889465525892
48201533402,-5.146347739038888,-0.7321773961144727,0.2595632041724622,0.18975517971459635,-0.8521819781223471
48201541701,-10.24258808643722,1.1279957569586796,-0.04257794195831503,-6.51349202673182,0.49988253796098375
48201241503,-8.935883288104849,3.5163296985822243,-2.705787584837791,-3.6868749446989098,0.514059076647496
48201240503,1.096151551252012,1.1825243278883977,1.9498023620772211,0.5174656616426858,-2.265662523667608
48201550102,-2.7374801189875475,4.135885385037605,1.1279311355787942,-1.4039314510537704,-0.21584200777053794
48201250403,-6.186566156625685,1.3893142506494205,-6.603859313068704,-2.9432707072141806,2.9349087978883412
48201333801,-9.520048944967641,3.1402308143669617,-2.209215976106366,0.4832057497665986,-2.942150911083585
48201422602,1.5944268258840237,-6.131063232521817,1.3508990917814492,-1.0690167171315623,0.1704602564837432
48201553300,1.5204292555459717,1.6126127743074048,1.5410418020391112,-2.5552033946164205,-0.47367909555846854
48201532200,0.555432203580435,4.118850345059663,1.4969989501289456,-1.5312981104910035,0.14014483800095845
48201431600,-0.42122750380034407,-4.155989340313772,-2.6825590230743943,-2.3393489848808637,0.13146655030219453
48201340400,-2.557277450466483,-1.3636944474302353,-1.4375983365306166,1.2119263164375698,2.023865240881026
48201310900,2.625836914459789,0.34483431244746243,-3.35187303656146,3.6855298169857065,4.724723002414978
48201423001,-0.3455066396596398,-1.591133862656957,1.7193082975069955,-1.583288337479823,-0.18596126857245995
48201422406,-0.19284645092835487,0.9995561935174689,3.3254394030988292,0.04675438530201377,0.7043634656491488
48201422601,1.4551494600227786,-4.059466853163269,1.7166031511231248,-0.17255704852622072,0.28998530496008645
48201422502,1.8293389321003801,-4.260062078541475,1.4496998590461105,-0.09288400391560438,0.8318278554800639
48201412202,3.5482919430268938,-4.108479258794191,-2.6960680111697837,0.6098467661416144,-1.7729913801249435
48201541702,-1.0001208711369685,3.6104893034972605,2.4823182370200243,-1.9614717536748139,1.4224022297885788
48201422404,1.582977871488741,-4.855696931439651,1.2120920007957794,0.17625349186846812,-0.8904557807544168
48201413206,4.234658190179384,0.18823582024450375,-2.626234888870282,0.9807510923889156,-0.4220057139861383
48201413205,5.014242760683384,2.0946306039144007,-2.0400199957818534,0.9831243000955543,-1.2822490573836287
48201413203,4.921715528127531,-2.2649497988952327,-3.756220134771882,0.4815681534742596,-1.6391344310247542
48201334102,-10.703254353293719,3.126739837170269,-1.4636213216953406,0.8701309779309322,-1.238479894381857
48201330101,-0.7986336110946471,-3.8675192091588384,-0.9393917551053832,3.1241344529102912,1.1302409506476223
48201421205,7.177270186577779,5.3535992658719636,0.42055700131089085,-1.0000528752313007,-0.4992225879558988
