STATEFP,COUNTYFP,TRACTCE,GEOID,GEOIDFQ,NAME,NAMELSAD,MTFCC,FUNCSTAT,ALAND,AWATER,INTPTLAT,INTPTLON,city,city_name,NAME_acs,population,poverty_universe,poverty_below,poverty_rate,acs_year,state,county,tract,tract_area_km2
12,086,007101,12086007101,1400000US12086007101,71.01,Census Tract 71.01,G5020,S,610328,0,+25.7319460,-080.2491168,miami,Miami,,,,,,,,,,0.6099251661387507
12,086,001401,12086001401,1400000US12086001401,14.01,Census Tract 14.01,G5020,S,1227177,0,+25.8418481,-080.2016338,miami,Miami,,,,,,,,,,1.2263910028499387
12,086,001402,12086001402,1400000US12086001402,14.02,Census Tract 14.02,G5020,S,1182337,11685,+25.8470344,-080.1915947,miami,Miami,,,,,,,,,,1.193263173405461
12,086,001501,12086001501,1400000US12086001501,15.01,Census Tract 15.01,G5020,S,683702,0,+25.8355472,-080.2209272,miami,Miami,,,,,,,,,,0.6832545590398662
12,086,002710,12086002710,1400000US12086002710,27.10,Census Tract 27.10,G5020,S,346234,1407017,+25.7906114,-080.1755611,miami,Miami,,,,,,,,,,1.7521449025595093
12,086,002709,12086002709,1400000US12086002709,27.09,Census Tract 27.09,G5020,S,172701,191144,+25.7937050,-080.1860897,miami,Miami,,,,,,,,,,0.36361377902076486
12,086,001901,12086001901,1400000US12086001901,19.01,Census Tract 19.01,G5020,S,1300095,0,+25.8340918,-080.2114174,miami,Miami,,,,,,,,,,1.2992556412452698
12,086,001904,12086001904,1400000US12086001904,19.04,Census Tract 19.04,G5020,S,1109145,0,+25.8242285,-080.2142349,miami,Miami,,,,,,,,,,1.108427561773213
12,086,002001,12086002001,1400000US12086002001,20.01,Census Tract 20.01,G5020,S,1066693,778,+25.8358948,-080.1958796,miami,Miami,,,,,,,,,,1.066790416026567
12,086,002003,12086002003,1400000US12086002003,20.03,Census Tract 20.03,G5020,S,826695,0,+25.8287094,-080.2013325,miami,Miami,,,,,,,,,,0.8261665489681999
12,086,002004,12086002004,1400000US12086002004,20.04,Census Tract 20.04,G5020,S,712538,0,+25.8291675,-080.1919629,miami,Miami,,,,,,,,,,0.7120868121866883
12,086,002100,12086002100,1400000US12086002100,21,Census Tract 21,G5020,S,1928685,5195604,+25.8109004,-080.1669444,miami,Miami,,,,,,,,,,7.11979805992086
12,086,002201,12086002201,1400000US12086002201,22.01,Census Tract 22.01,G5020,S,986830,0,+25.8190749,-080.1923875,miami,Miami,,,,,,,,,,0.9862022009890076
12,086,002202,12086002202,1400000US12086002202,22.02,Census Tract 22.02,G5020,S,1607836,4067,+25.8181919,-080.2007341,miami,Miami,,,,,,,,,,1.6108689977606303
12,086,002300,12086002300,1400000US12086002300,23,Census Tract 23,G5020,S,1715114,0,+25.8167672,-080.2152082,miami,Miami,,,,,,,,,,1.7140101087021122
12,086,002702,12086002702,1400000US12086002702,27.02,Census Tract 27.02,G5020,S,1009723,0,+25.7978735,-080.1915470,miami,Miami,,,,,,,,,,1.0090809054703995
12,086,002800,12086002800,1400000US12086002800,28,Census Tract 28,G5020,S,889178,0,+25.7996719,-080.1991100,miami,Miami,,,,,,,,,,0.8886071643726362
12,086,002900,12086002900,1400000US12086002900,29,Census Tract 29,G5020,S,1427840,0,+25.7987636,-080.2147179,miami,Miami,,,,,,,,,,1.4269213699971695
12,086,003001,12086003001,1400000US12086003001,30.01,Census Tract 30.01,G5020,S,1259645,41882,+25.7883526,-080.2104910,miami,Miami,,,,,,,,,,1.300684852619778
12,086,003004,12086003004,1400000US12086003004,30.04,Census Tract 30.04,G5020,S,935493,40809,+25.7897979,-080.2184980,miami,Miami,,,,,,,,,,0.975665995260391
12,086,002600,12086002600,1400000US12086002600,26,Census Tract 26,G5020,S,1370937,0,+25.8073935,-080.1990727,miami,Miami,,,,,,,,,,1.3700576247774268
12,086,003100,12086003100,1400000US12086003100,31,Census Tract 31,G5020,S,1081600,12600,+25.7924138,-080.2015118,miami,Miami,,,,,,,,,,1.0934976456787748
12,086,003400,12086003400,1400000US12086003400,34,Census Tract 34,G5020,S,854078,0,+25.7839322,-080.2005442,miami,Miami,,,,,,,,,,0.8535353038191732
12,086,005002,12086005002,1400000US12086005002,50.02,Census Tract 50.02,G5020,S,1055811,12486,+25.7820171,-080.2478764,miami,Miami,,,,,,,,,,1.0675909720870813
12,086,005600,12086005600,1400000US12086005600,56,Census Tract 56,G5020,S,1313019,0,+25.7680433,-080.2634738,miami,Miami,,,,,,,,,,1.312148152322238
12,086,005701,12086005701,1400000US12086005701,57.01,Census Tract 57.01,G5020,S,1359200,67406,+25.7732667,-080.2967531,miami,Miami,,,,,,,,,,1.4256479684463808
12,086,005202,12086005202,1400000US12086005202,52.02,Census Tract 52.02,G5020,S,482216,13473,+25.7770397,-080.2105202,miami,Miami,,,,,,,,,,0.4953669088306575
12,086,006302,12086006302,1400000US12086006302,63.02,Census Tract 63.02,G5020,S,1385212,0,+25.7539424,-080.2463592,miami,Miami,,,,,,,,,,1.3843038242077328
12,086,006401,12086006401,1400000US12086006401,64.01,Census Tract 64.01,G5020,S,666538,0,+25.7616243,-080.2346304,miami,Miami,,,,,,,,,,0.6661019296494074
12,086,006403,12086006403,1400000US12086006403,64.03,Census Tract 64.03,G5020,S,707633,0,+25.7618168,-080.2183160,miami,Miami,,,,,,,,,,0.7071731856722127
12,086,007200,12086007200,1400000US12086007200,72,Census Tract 72,G5020,S,910919,0,+25.7268017,-080.2536245,miami,Miami,,,,,,,,,,0.9103183210976993
12,086,001302,12086001302,1400000US12086001302,13.02,Census Tract 13.02,G5020,S,1674680,1980103,+25.8403371,-080.1766328,miami,Miami,,,,,,,,,,3.6524754028903605
12,086,001802,12086001802,1400000US12086001802,18.02,Census Tract 18.02,G5020,S,1099939,0,+25.8182196,-080.2283622,miami,Miami,,,,,,,,,,1.0992216274778654
12,086,003703,12086003703,1400000US12086003703,37.03,Census Tract 37.03,G5020,S,161623,20568,+25.7722246,-080.1881444,miami,Miami,,,,,,,,,,0.18207434125334349
12,086,001301,12086001301,1400000US12086001301,13.01,Census Tract 13.01,G5020,S,1534166,1571101,+25.8511043,-080.1734414,miami,Miami,,,,,,,,,,3.103312624882926
12,086,001903,12086001903,1400000US12086001903,19.03,Census Tract 19.03,G5020,S,674423,0,+25.8281946,-080.2205742,miami,Miami,,,,,,,,,,0.673986403345027
12,086,002707,12086002707,1400000US12086002707,27.07,Census Tract 27.07,G5020,S,181656,860645,+25.8023077,-080.1863594,miami,Miami,,,,,,,,,,1.0416432115684575
12,086,006720,12086006720,1400000US12086006720,67.20,Census Tract 67.20,G5020,S,178864,18219,+25.7678587,-080.1927919,miami,Miami,,,,,,,,,,0.19695612344050556
12,086,006901,12086006901,1400000US12086006901,69.01,Census Tract 69.01,G5020,S,818920,0,+25.7458957,-080.2342054,miami,Miami,,,,,,,,,,0.818385750912953
12,086,003607,12086003607,1400000US12086003607,36.07,Census Tract 36.07,G5020,S,236615,0,+25.7815424,-080.2048448,miami,Miami,,,,,,,,,,0.2364625140360977
12,086,007103,12086007103,1400000US12086007103,71.03,Census Tract 71.03,G5020,S,334041,0,+25.7295600,-080.2420744,miami,Miami,,,,,,,,,,0.33382124577800054
12,086,006709,12086006709,1400000US12086006709,67.09,Census Tract 67.09,G5020,S,91954,3565,+25.7670382,-080.1892956,miami,Miami,,,,,,,,,,0.0954579449157551
12,086,006902,12086006902,1400000US12086006902,69.02,Census Tract 69.02,G5020,S,794227,0,+25.7479312,-080.2244020,miami,Miami,,,,,,,,,,0.7937108944070814
12,086,006715,12086006715,1400000US12086006715,67.15,Census Tract 67.15,G5020,S,1383765,0,+25.7543867,-080.2045599,miami,Miami,,,,,,,,,,1.3828755764963152
12,086,006718,12086006718,1400000US12086006718,67.18,Census Tract 67.18,G5020,S,103658,0,+25.7642827,-080.1922268,miami,Miami,,,,,,,,,,0.10359086713889548
12,086,003708,12086003708,1400000US12086003708,37.08,Census Tract 37.08,G5020,S,253795,0,+25.7760099,-080.1863171,miami,Miami,,,,,,,,,,0.25363466150355624
12,086,003710,12086003710,1400000US12086003710,37.10,Census Tract 37.10,G5020,S,1001420,0,+25.7851139,-080.1905229,miami,Miami,,,,,,,,,,1.0007854684650497
12,086,003006,12086003006,1400000US12086003006,30.06,Census Tract 30.06,G5020,S,653932,56738,+25.7907472,-080.2262794,miami,Miami,,,,,,,,,,0.7102087784353012
12,086,007007,12086007007,1400000US12086007007,70.07,Census Tract 70.07,G5020,S,412390,0,+25.7361412,-080.2555705,miami,Miami,,,,,,,,,,0.41211785817780555
12,086,006304,12086006304,1400000US12086006304,63.04,Census Tract 63.04,G5020,S,669075,0,+25.7610989,-080.2509522,miami,Miami,,,,,,,,,,0.6686349710044023
12,086,005504,12086005504,1400000US12086005504,55.04,Census Tract 55.04,G5020,S,707981,0,+25.7678739,-080.2440500,miami,Miami,,,,,,,,,,0.7075150356611164
12,086,006303,12086006303,1400000US12086006303,63.03,Census Tract 63.03,G5020,S,633615,0,+25.7615522,-080.2429416,miami,Miami,,,,,,,,,,0.6331987594417559
12,086,007006,12086007006,1400000US12086007006,70.06,Census Tract 70.06,G5020,S,672534,0,+25.7393742,-080.2502593,miami,Miami,,,,,,,,,,0.6720923378946247
12,086,002402,12086002402,1400000US12086002402,24.02,Census Tract 24.02,G5020,S,1356238,0,+25.7982113,-080.2316693,miami,Miami,,,,,,,,,,1.3553520242086443
12,086,006402,12086006402,1400000US12086006402,64.02,Census Tract 64.02,G5020,S,665132,0,+25.7618475,-080.2264685,miami,Miami,,,,,,,,,,0.6646981509342975
12,086,005406,12086005406,1400000US12086005406,54.06,Census Tract 54.06,G5020,S,451903,0,+25.7761799,-080.2257162,miami,Miami,,,,,,,,,,0.4516091244617568
12,086,005304,12086005304,1400000US12086005304,53.04,Census Tract 53.04,G5020,S,337976,0,+25.7676247,-080.2185602,miami,Miami,,,,,,,,,,0.3377573957512729
12,086,003705,12086003705,1400000US12086003705,37.05,Census Tract 37.05,G5020,S,118617,6455,+25.7716898,-080.1949128,miami,Miami,,,,,,,,,,0.12499419489366732
12,086,003704,12086003704,1400000US12086003704,37.04,Census Tract 37.04,G5020,S,245507,13450,+25.7737929,-080.1910614,miami,Miami,,,,,,,,,,0.2587971026887561
12,086,006504,12086006504,1400000US12086006504,65.04,Census Tract 65.04,G5020,S,608460,0,+25.7544470,-080.2182114,miami,Miami,,,,,,,,,,0.608067601534035
12,086,006606,12086006606,1400000US12086006606,66.06,Census Tract 66.06,G5020,S,215000,0,+25.7665732,-080.2041166,miami,Miami,,,,,,,,,,0.21486114522189145
12,086,005201,12086005201,1400000US12086005201,52.01,Census Tract 52.01,G5020,S,602648,0,+25.7766954,-080.2187923,miami,Miami,,,,,,,,,,0.6022571598106585
12,086,005503,12086005503,1400000US12086005503,55.03,Census Tract 55.03,G5020,S,589595,0,+25.7692597,-080.2508232,miami,Miami,,,,,,,,,,0.5892065343698262
12,086,005506,12086005506,1400000US12086005506,55.06,Census Tract 55.06,G5020,S,779655,0,+25.7757429,-080.2441461,miami,Miami,,,,,,,,,,0.7791438815029982
12,086,005804,12086005804,1400000US12086005804,58.04,Census Tract 58.04,G5020,S,1016717,8877,+25.7659232,-080.3107672,miami,Miami,,,,,,,,,,1.0248976028504668
12,086,003606,12086003606,1400000US12086003606,36.06,Census Tract 36.06,G5020,S,587504,43086,+25.7753522,-080.1993572,miami,Miami,,,,,,,,,,0.6301891740917381
12,086,005305,12086005305,1400000US12086005305,53.05,Census Tract 53.05,G5020,S,302176,0,+25.7716835,-080.2111363,miami,Miami,,,,,,,,,,0.3019779910132467
12,086,003604,12086003604,1400000US12086003604,36.04,Census Tract 36.04,G5020,S,215263,0,+25.7708671,-080.2059496,miami,Miami,,,,,,,,,,0.21512301181599025
12,086,006605,12086006605,1400000US12086006605,66.05,Census Tract 66.05,G5020,S,151691,6665,+25.7667448,-080.1982913,miami,Miami,,,,,,,,,,0.15825506893857239
12,086,003605,12086003605,1400000US12086003605,36.05,Census Tract 36.05,G5020,S,297472,22726,+25.7705118,-080.2017709,miami,Miami,,,,,,,,,,0.31999424962217815
12,086,007004,12086007004,1400000US12086007004,70.04,Census Tract 70.04,G5020,S,628570,0,+25.7465453,-080.2503744,miami,Miami,,,,,,,,,,0.6281543354449117
12,086,007003,12086007003,1400000US12086007003,70.03,Census Tract 70.03,G5020,S,626457,0,+25.7467740,-080.2421761,miami,Miami,,,,,,,,,,0.6260455994594917
12,086,005803,12086005803,1400000US12086005803,58.03,Census Tract 58.03,G5020,S,1124744,0,+25.7667428,-080.2970519,miami,Miami,,,,,,,,,,1.123985982389524
12,086,005806,12086005806,1400000US12086005806,58.06,Census Tract 58.06,G5020,S,841905,0,+25.7675801,-080.2851665,miami,Miami,,,,,,,,,,0.841337480010283
12,086,003005,12086003005,1400000US12086003005,30.05,Census Tract 30.05,G5020,S,347842,29264,+25.7927088,-080.2341783,miami,Miami,,,,,,,,,,0.37685883309306495
12,086,002502,12086002502,1400000US12086002502,25.02,Census Tract 25.02,G5020,S,1038666,4860,+25.8085148,-080.2123821,miami,Miami,,,,,,,,,,1.0428580944134365
12,086,002404,12086002404,1400000US12086002404,24.04,Census Tract 24.04,G5020,S,920681,0,+25.8070824,-080.2278805,miami,Miami,,,,,,,,,,0.9200799581421227
12,086,002403,12086002403,1400000US12086002403,24.03,Census Tract 24.03,G5020,S,942364,0,+25.8069448,-080.2361103,miami,Miami,,,,,,,,,,0.9417462115597718
12,086,005102,12086005102,1400000US12086005102,51.02,Census Tract 51.02,G5020,S,984656,102468,+25.7828973,-080.2233473,miami,Miami,,,,,,,,,,1.0864201791291648
12,086,005104,12086005104,1400000US12086005104,51.04,Census Tract 51.04,G5020,S,626661,51535,+25.7861359,-080.2372417,miami,Miami,,,,,,,,,,0.6777518722966599
12,086,005409,12086005409,1400000US12086005409,54.09,Census Tract 54.09,G5020,S,329227,0,+25.7708935,-080.2267827,miami,Miami,,,,,,,,,,0.3290131768579798
12,086,002705,12086002705,1400000US12086002705,27.05,Census Tract 27.05,G5020,S,363002,1562484,+25.8103483,-080.1669930,miami,Miami,,,,,,,,,,1.9242714163000174
12,086,005303,12086005303,1400000US12086005303,53.03,Census Tract 53.03,G5020,S,350634,0,+25.7714427,-080.2186539,miami,Miami,,,,,,,,,,0.35040913431760473
12,086,003706,12086003706,1400000US12086003706,37.06,Census Tract 37.06,G5020,S,245610,0,+25.7776268,-080.1943527,miami,Miami,,,,,,,,,,0.24545583300130305
12,086,003707,12086003707,1400000US12086003707,37.07,Census Tract 37.07,G5020,S,169150,0,+25.7780193,-080.1900766,miami,Miami,,,,,,,,,,0.1690409850015109
12,086,006705,12086006705,1400000US12086006705,67.05,Census Tract 67.05,G5020,S,190011,19098,+25.7557278,-080.1947055,miami,Miami,,,,,,,,,,0.20897338531844908
12,086,005403,12086005403,1400000US12086005403,54.03,Census Tract 54.03,G5020,S,264708,0,+25.7760853,-080.2375553,miami,Miami,,,,,,,,,,0.26453281299629977
12,086,005407,12086005407,1400000US12086005407,54.07,Census Tract 54.07,G5020,S,649958,0,+25.7688777,-080.2348968,miami,Miami,,,,,,,,,,0.6495333142899926
12,086,006503,12086006503,1400000US12086006503,65.03,Census Tract 65.03,G5020,S,672431,0,+25.7544491,-080.2262173,miami,Miami,,,,,,,,,,0.6719906139795893
12,086,006501,12086006501,1400000US12086006501,65.01,Census Tract 65.01,G5020,S,677389,0,+25.7542119,-080.2343319,miami,Miami,,,,,,,,,,0.6769446710345243
12,086,981000,12086981000,1400000US12086981000,9810,Census Tract 9810,G5020,S,2462945,3851012,+25.7750790,-080.1670917,miami,Miami,,,,,,,,,,6.3099838221576015
12,086,005410,12086005410,1400000US12086005410,54.10,Census Tract 54.10,G5020,S,323419,0,+25.7672995,-080.2266694,miami,Miami,,,,,,,,,,0.32320555997497924
12,086,005805,12086005805,1400000US12086005805,58.05,Census Tract 58.05,G5020,S,663859,0,+25.7676529,-080.2756890,miami,Miami,,,,,,,,,,0.6634134980926789
12,086,003603,12086003603,1400000US12086003603,36.03,Census Tract 36.03,G5020,S,185405,29452,+25.7752645,-080.2052874,miami,Miami,,,,,,,,,,0.21471887387151897
12,086,007300,12086007300,1400000US12086007300,73,Census Tract 73,G5020,S,2895795,1346978,+25.7167841,-080.2496502,miami,Miami,,,,,,,,,,4.239968865016918
12,086,006801,12086006801,1400000US12086006801,68.01,Census Tract 68.01,G5020,S,1181578,0,+25.7347305,-080.2340739,miami,Miami,,,,,,,,,,1.1808079082314868
12,086,006713,12086006713,1400000US12086006713,67.13,Census Tract 67.13,G5020,S,96462,0,+25.7613362,-080.1903114,miami,Miami,,,,,,,,,,0.0963995325400979
12,086,006706,12086006706,1400000US12086006706,67.06,Census Tract 67.06,G5020,S,268386,1694539,+25.7459487,-080.1945364,miami,Miami,,,,,,,,,,1.9616741322111568
12,086,006802,12086006802,1400000US12086006802,68.02,Census Tract 68.02,G5020,S,2315577,4899824,+25.7448743,-080.2103392,miami,Miami,,,,,,,,,,7.210740247069579
12,086,004904,12086004904,1400000US12086004904,49.04,Census Tract 49.04,G5020,S,649557,0,+25.7752957,-080.2597052,miami,Miami,,,,,,,,,,0.6491251307913236
12,086,004903,12086004903,1400000US12086004903,49.03,Census Tract 49.03,G5020,S,632759,0,+25.7751326,-080.2678514,miami,Miami,,,,,,,,,,0.6323360693268567
12,086,005505,12086005505,1400000US12086005505,55.05,Census Tract 55.05,G5020,S,516354,0,+25.7754830,-080.2523209,miami,Miami,,,,,,,,,,0.5160122929055243
12,086,005705,12086005705,1400000US12086005705,57.05,Census Tract 57.05,G5020,S,217687,94827,+25.7807415,-080.2733215,miami,Miami,,,,,,,,,,0.3123054830883944
12,086,005004,12086005004,1400000US12086005004,50.04,Census Tract 50.04,G5020,S,946883,10500,+25.7872674,-080.2471794,miami,Miami,,,,,,,,,,0.9567515163167245
12,086,005706,12086005706,1400000US12086005706,57.06,Census Tract 57.06,G5020,S,198154,47751,+25.7789496,-080.2854467,miami,Miami,,,,,,,,,,0.24573896166340548
12,086,005708,12086005708,1400000US12086005708,57.08,Census Tract 57.08,G5020,S,824772,0,+25.7748651,-080.2769457,miami,Miami,,,,,,,,,,0.824218717200517
12,086,005003,12086005003,1400000US12086005003,50.03,Census Tract 50.03,G5020,S,720183,41105,+25.7921933,-080.2489634,miami,Miami,,,,,,,,,,0.7607851311067062
12,086,005707,12086005707,1400000US12086005707,57.07,Census Tract 57.07,G5020,S,493229,0,+25.7745134,-080.2851510,miami,Miami,,,,,,,,,,0.4928975389769526
12,086,006721,12086006721,1400000US12086006721,67.21,Census Tract 67.21,G5020,S,48789,0,+25.7643373,-080.1904636,miami,Miami,,,,,,,,,,0.04875828398255959
12,086,002708,12086002708,1400000US12086002708,27.08,Census Tract 27.08,G5020,S,154639,1011380,+25.7999440,-080.1863826,miami,Miami,,,,,,,,,,1.1652832992412754
12,086,007005,12086007005,1400000US12086007005,70.05,Census Tract 70.05,G5020,S,442831,0,+25.7408226,-080.2423726,miami,Miami,,,,,,,,,,0.4425388829155015
12,086,003709,12086003709,1400000US12086003709,37.09,Census Tract 37.09,G5020,S,75286,0,+25.7821926,-080.1949309,miami,Miami,,,,,,,,,,0.0752371242049643
12,086,006608,12086006608,1400000US12086006608,66.08,Census Tract 66.08,G5020,S,1112524,0,+25.7590824,-080.2086544,miami,Miami,,,,,,,,,,1.1118110068539298
12,086,005306,12086005306,1400000US12086005306,53.06,Census Tract 53.06,G5020,S,295211,0,+25.7678287,-080.2109853,miami,Miami,,,,,,,,,,0.29502121090951555
12,086,006607,12086006607,1400000US12086006607,66.07,Census Tract 66.07,G5020,S,381351,0,+25.7643408,-080.2080152,miami,Miami,,,,,,,,,,0.38110726471396145
12,086,006604,12086006604,1400000US12086006604,66.04,Census Tract 66.04,G5020,S,120506,0,+25.7634764,-080.1983377,miami,Miami,,,,,,,,,,0.12042859541943765
12,086,006716,12086006716,1400000US12086006716,67.16,Census Tract 67.16,G5020,S,92857,0,+25.7601624,-080.1935811,miami,Miami,,,,,,,,,,0.09279737976003456
12,086,006717,12086006717,1400000US12086006717,67.17,Census Tract 67.17,G5020,S,47423,0,+25.7625208,-080.1942985,miami,Miami,,,,,,,,,,0.04739218287881437
12,086,006719,12086006719,1400000US12086006719,67.19,Census Tract 67.19,G5020,S,69923,0,+25.7649301,-080.1943415,miami,Miami,,,,,,,,,,0.06987880382472243
12,086,006603,12086006603,1400000US12086006603,66.03,Census Tract 66.03,G5020,S,139922,0,+25.7630490,-080.1962730,miami,Miami,,,,,,,,,,0.13983290888563527
12,086,007104,12086007104,1400000US12086007104,71.04,Census Tract 71.04,G5020,S,609297,0,+25.7351674,-080.2414698,miami,Miami,,,,,,,,,,0.6088980178257142
12,086,006707,12086006707,1400000US12086006707,67.07,Census Tract 67.07,G5020,S,180058,2175837,+25.7655243,-080.1843489,miami,Miami,,,,,,,,,,2.354400972757359
12,086,006714,12086006714,1400000US12086006714,67.14,Census Tract 67.14,G5020,S,112216,0,+25.7585740,-080.1908154,miami,Miami,,,,,,,,,,0.11214289682436622
12,086,002501,12086002501,1400000US12086002501,25.01,Census Tract 25.01,G5020,S,943719,0,+25.8058883,-080.2179628,miami,Miami,,,,,,,,,,0.9431058936244394
12,086,006722,12086006722,1400000US12086006722,67.22,Census Tract 67.22,G5020,S,47175,0,+25.7642428,-080.1891435,miami,Miami,,,,,,,,,,0.047144993014002406
12,086,005405,12086005405,1400000US12086005405,54.05,Census Tract 54.05,G5020,S,579321,0,+25.7761666,-080.2322071,miami,Miami,,,,,,,,,,0.5789437882265414
12,086,005103,12086005103,1400000US12086005103,51.03,Census Tract 51.03,G5020,S,326645,0,+25.7813636,-080.2353121,miami,Miami,,,,,,,,,,0.3264303120495073
12,086,490100,12086490100,1400000US12086490100,4901,Census Tract 4901,G5020,S,634164,11042,+25.7807427,-080.2578198,miami,Miami,,,,,,,,,,0.6447782443201807
12,086,004901,12086004901,1400000US12086004901,49.01,Census Tract 49.01,G5020,S,1550107,137350,+25.7887074,-080.2644376,miami,Miami,,,,,,,,,,1.6863356262956504
